order_id,customer_id,order_date,status
O-00001,C-0110,2026-02-16,Completed
O-00002,C-0136,2024-06-30,Completed
O-00003,C-0478,2025-11-09,Completed
O-00004,C-0452,2023-05-22,Completed
O-00005,C-0451,2024-03-17,Returned
O-00006,C-0190,2025-04-13,Completed
O-00007,C-0081,2026-03-16,Completed
O-00008,C-0427,2025-05-10,Completed
O-00009,C-0361,2025-11-21,Completed
O-00010,C-0314,2026-06-20,Completed
O-00011,C-0005,2025-04-29,Completed
O-00012,C-0154,2023-09-11,Completed
O-00013,C-0481,2024-01-18,Completed
O-00014,C-0136,2024-06-13,Completed
O-00015,C-0456,2025-09-19,Completed
O-00016,C-0381,2026-09-17,Completed
O-00017,C-0080,2024-04-20,Completed
O-00018,C-0145,2024-06-22,Completed
O-00019,C-0368,2024-06-30,Returned
O-00020,C-0105,2025-09-16,Completed
O-00021,C-0259,2026-09-17,Cancelled
O-00022,C-0129,2025-04-27,Completed
O-00023,C-0048,2024-10-16,Returned
O-00024,C-0425,2024-03-18,Completed
O-00025,C-0023,2024-06-05,Completed
O-00026,C-0171,2024-10-17,Completed
O-00027,C-0327,2025-08-12,Completed
O-00028,C-0083,2024-05-14,Completed
O-00029,C-0283,2026-09-17,Completed
O-00030,C-0288,2025-01-27,Completed
O-00031,C-0058,2024-03-06,Completed
O-00032,C-0484,2023-10-15,Completed
O-00033,C-0280,2025-07-19,Completed
O-00034,C-0428,2024-08-24,Completed
O-00035,C-0299,2025-12-31,Completed
O-00036,C-0076,2026-09-09,Completed
O-00037,C-0066,2023-06-20,Processing
O-00038,C-0158,2026-02-10,Completed
O-00039,C-0461,2025-08-10,Completed
O-00040,C-0461,2026-07-02,Completed
O-00041,C-0108,2025-07-08,Completed
O-00042,C-0342,2024-06-06,Completed
O-00043,C-0182,2026-06-24,Completed
O-00044,C-0453,2025-10-23,Completed
O-00045,C-0499,2023-08-23,Completed
O-00046,C-0474,2024-07-20,Completed
O-00047,C-0443,2025-11-06,Completed
O-00048,C-0500,2025-01-02,Completed
O-00049,C-0452,2024-05-08,Completed
O-00050,C-0013,2026-01-02,Completed
O-00051,C-0378,2026-07-10,Completed
O-00052,C-0401,2024-10-02,Completed
O-00053,C-0411,2026-04-18,Completed
O-00054,C-0137,2024-03-14,Completed
O-00055,C-0404,2025-11-01,Completed
O-00056,C-0196,2023-02-21,Completed
O-00057,C-0440,2025-08-28,Completed
O-00058,C-0114,2025-08-09,Completed
O-00059,C-0419,2026-05-05,Completed
O-00060,C-0180,2024-04-21,Completed
O-00061,C-0421,2025-03-14,Completed
O-00062,C-0115,2023-10-03,Returned
O-00063,C-0338,2024-03-22,Completed
O-00064,C-0205,2026-01-29,Completed
O-00065,C-0143,2025-08-27,Completed
O-00066,C-0496,2025-07-11,Completed
O-00067,C-0180,2024-11-16,Completed
O-00068,C-0205,2026-08-30,Completed
O-00069,C-0170,2023-06-20,Returned
O-00070,C-0060,2024-06-22,Completed
O-00071,C-0092,2024-11-29,Completed
O-00072,C-0493,2023-12-13,Completed
O-00073,C-0020,2023-07-27,Completed
O-00074,C-0306,2024-04-11,Completed
O-00075,C-0177,2024-03-10,Completed
O-00076,C-0224,2026-09-17,Completed
O-00077,C-0060,2024-10-27,Cancelled
O-00078,C-0461,2026-09-17,Completed
O-00079,C-0098,2024-09-26,Completed
O-00080,C-0023,2025-08-22,Completed
O-00081,C-0001,2026-04-02,Completed
O-00082,C-0474,2025-05-25,Completed
O-00083,C-0352,2025-12-22,Completed
O-00084,C-0187,2025-04-12,Completed
O-00085,C-0036,2024-09-15,Completed
O-00086,C-0320,2023-12-21,Completed
O-00087,C-0340,2024-09-04,Returned
O-00088,C-0369,2025-05-07,Completed
O-00089,C-0260,2025-06-16,Completed
O-00090,C-0342,2025-04-15,Completed
O-00091,C-0168,2025-02-22,Processing
O-00092,C-0357,2025-08-22,Completed
O-00093,C-0284,2023-12-14,Completed
O-00094,C-0099,2024-08-20,Completed
O-00095,C-0341,2026-04-30,Completed
O-00096,C-0347,2024-09-12,Completed
O-00097,C-0316,2024-10-05,Completed
O-00098,C-0155,2024-11-18,Completed
O-00099,C-0281,2024-09-14,Completed
O-00100,C-0156,2024-03-12,Completed
O-00101,C-0108,2026-01-09,Completed
O-00102,C-0403,2025-10-01,Completed
O-00103,C-0311,2024-07-09,Completed
O-00104,C-0239,2026-09-17,Completed
O-00105,C-0227,2025-05-09,Completed
O-00106,C-0262,2024-07-19,Completed
O-00107,C-0407,2024-07-16,Processing
O-00108,C-0338,2023-12-02,Completed
O-00109,C-0146,2025-01-15,Completed
O-00110,C-0340,2025-04-08,Completed
O-00111,C-0048,2024-04-06,Completed
O-00112,C-0345,2024-02-22,Completed
O-00113,C-0116,2024-01-07,Completed
O-00114,C-0076,2025-07-21,Completed
O-00115,C-0024,2025-05-17,Completed
O-00116,C-0244,2023-03-17,Cancelled
O-00117,C-0234,2024-08-04,Completed
O-00118,C-0454,2024-10-21,Completed
O-00119,C-0100,2025-02-12,Completed
O-00120,C-0254,2026-05-21,Completed
O-00121,C-0125,2025-05-03,Completed
O-00122,C-0336,2024-08-19,Completed
O-00123,C-0458,2024-06-07,Cancelled
O-00124,C-0399,2025-07-22,Completed
O-00125,C-0113,2024-12-28,Completed
O-00126,C-0412,2026-08-26,Processing
O-00127,C-0238,2024-08-27,Completed
O-00128,C-0286,2025-03-19,Completed
O-00129,C-0470,2025-03-09,Completed
O-00130,C-0234,2023-10-21,Returned
O-00131,C-0411,2026-09-17,Returned
O-00132,C-0342,2025-08-18,Completed
O-00133,C-0287,2026-01-03,Completed
O-00134,C-0487,2025-01-31,Completed
O-00135,C-0314,2026-05-26,Returned
O-00136,C-0219,2026-09-17,Completed
O-00137,C-0229,2025-10-21,Cancelled
O-00138,C-0381,2026-08-07,Returned
O-00139,C-0231,2025-02-24,Completed
O-00140,C-0385,2023-12-21,Completed
O-00141,C-0431,2025-05-27,Completed
O-00142,C-0393,2026-09-17,Completed
O-00143,C-0249,2023-12-26,Completed
O-00144,C-0141,2026-09-17,Completed
O-00145,C-0040,2025-12-06,Completed
O-00146,C-0121,2025-07-23,Processing
O-00147,C-0172,2025-04-13,Completed
O-00148,C-0458,2025-08-25,Completed
O-00149,C-0042,2023-11-02,Completed
O-00150,C-0078,2024-08-30,Completed
O-00151,C-0197,2025-05-03,Completed
O-00152,C-0362,2024-07-21,Completed
O-00153,C-0033,2024-10-12,Cancelled
O-00154,C-0209,2024-10-01,Completed
O-00155,C-0278,2025-01-19,Returned
O-00156,C-0213,2023-03-09,Returned
O-00157,C-0106,2026-09-17,Completed
O-00158,C-0200,2026-07-21,Returned
O-00159,C-0485,2024-12-09,Completed
O-00160,C-0439,2026-04-03,Completed
O-00161,C-0195,2026-09-17,Completed
O-00162,C-0004,2026-01-25,Completed
O-00163,C-0153,2025-05-19,Completed
O-00164,C-0437,2024-05-03,Completed
O-00165,C-0276,2026-01-27,Completed
O-00166,C-0410,2024-05-12,Completed
O-00167,C-0250,2026-03-22,Completed
O-00168,C-0140,2026-09-17,Completed
O-00169,C-0249,2023-05-25,Completed
O-00170,C-0200,2025-11-09,Completed
O-00171,C-0343,2024-09-01,Completed
O-00172,C-0371,2023-11-10,Completed
O-00173,C-0431,2025-12-08,Completed
O-00174,C-0471,2024-12-29,Completed
O-00175,C-0319,2026-09-17,Completed
O-00176,C-0014,2025-08-20,Completed
O-00177,C-0304,2024-10-05,Completed
O-00178,C-0340,2024-05-27,Cancelled
O-00179,C-0043,2026-02-27,Returned
O-00180,C-0070,2024-07-07,Returned
O-00181,C-0094,2023-12-03,Completed
O-00182,C-0134,2026-04-28,Completed
O-00183,C-0168,2024-08-10,Completed
O-00184,C-0233,2024-06-22,Completed
O-00185,C-0173,2024-04-27,Completed
O-00186,C-0143,2026-08-22,Completed
O-00187,C-0130,2023-05-22,Completed
O-00188,C-0241,2025-08-22,Completed
O-00189,C-0384,2026-01-21,Completed
O-00190,C-0027,2024-07-16,Completed
O-00191,C-0115,2023-11-18,Completed
O-00192,C-0400,2024-06-18,Returned
O-00193,C-0387,2024-11-30,Completed
O-00194,C-0487,2024-07-15,Completed
O-00195,C-0103,2024-12-08,Completed
O-00196,C-0319,2025-12-20,Cancelled
O-00197,C-0123,2024-12-01,Completed
O-00198,C-0243,2025-11-24,Completed
O-00199,C-0289,2025-07-19,Completed
O-00200,C-0239,2026-05-24,Completed
O-00201,C-0393,2026-08-19,Completed
O-00202,C-0086,2025-06-28,Completed
O-00203,C-0399,2024-10-27,Completed
O-00204,C-0494,2023-11-25,Completed
O-00205,C-0056,2025-08-18,Completed
O-00206,C-0014,2025-05-28,Cancelled
O-00207,C-0295,2025-11-16,Completed
O-00208,C-0204,2024-04-22,Completed
O-00209,C-0039,2023-09-13,Completed
O-00210,C-0053,2024-02-08,Completed
O-00211,C-0436,2024-03-21,Completed
O-00212,C-0408,2024-08-05,Processing
O-00213,C-0401,2023-09-19,Returned
O-00214,C-0178,2024-12-03,Completed
O-00215,C-0220,2025-06-11,Completed
O-00216,C-0036,2025-03-14,Returned
O-00217,C-0332,2025-12-26,Completed
O-00218,C-0007,2024-10-21,Completed
O-00219,C-0422,2026-03-25,Completed
O-00220,C-0055,2024-06-27,Completed
O-00221,C-0492,2026-08-22,Completed
O-00222,C-0326,2025-01-26,Returned
O-00223,C-0363,2025-09-03,Completed
O-00224,C-0223,2024-12-01,Completed
O-00225,C-0376,2025-03-01,Returned
O-00226,C-0495,2025-01-16,Completed
O-00227,C-0316,2024-09-04,Completed
O-00228,C-0397,2024-10-28,Completed
O-00229,C-0239,2026-09-17,Completed
O-00230,C-0423,2025-10-07,Completed
O-00231,C-0166,2025-04-29,Completed
O-00232,C-0426,2023-10-11,Completed
O-00233,C-0143,2026-09-17,Completed
O-00234,C-0125,2026-03-23,Completed
O-00235,C-0292,2024-12-09,Completed
O-00236,C-0173,2023-05-04,Completed
O-00237,C-0254,2026-03-05,Returned
O-00238,C-0094,2025-02-23,Completed
O-00239,C-0109,2024-03-13,Completed
O-00240,C-0409,2024-10-26,Completed
O-00241,C-0175,2023-12-02,Completed
O-00242,C-0451,2024-04-18,Completed
O-00243,C-0285,2025-08-20,Returned
O-00244,C-0265,2024-11-24,Completed
O-00245,C-0044,2024-11-11,Returned
O-00246,C-0369,2025-08-24,Completed
O-00247,C-0251,2025-07-29,Completed
O-00248,C-0389,2026-01-08,Completed
O-00249,C-0354,2024-06-27,Completed
O-00250,C-0331,2024-09-30,Completed
O-00251,C-0230,2024-11-03,Returned
O-00252,C-0048,2024-06-06,Completed
O-00253,C-0114,2026-03-07,Completed
O-00254,C-0355,2025-07-28,Completed
O-00255,C-0157,2025-04-28,Completed
O-00256,C-0189,2025-08-22,Completed
O-00257,C-0284,2025-01-30,Completed
O-00258,C-0177,2024-07-02,Completed
O-00259,C-0382,2026-09-17,Completed
O-00260,C-0170,2024-05-17,Completed
O-00261,C-0360,2025-05-27,Completed
O-00262,C-0139,2024-06-14,Completed
O-00263,C-0129,2025-10-28,Completed
O-00264,C-0062,2023-08-31,Completed
O-00265,C-0162,2025-06-06,Completed
O-00266,C-0381,2026-09-17,Completed
O-00267,C-0487,2024-05-12,Completed
O-00268,C-0099,2024-01-24,Completed
O-00269,C-0379,2024-07-27,Completed
O-00270,C-0142,2026-01-23,Completed
O-00271,C-0306,2023-11-08,Completed
O-00272,C-0052,2023-10-31,Completed
O-00273,C-0152,2025-06-10,Completed
O-00274,C-0185,2023-09-07,Returned
O-00275,C-0155,2023-10-14,Completed
O-00276,C-0363,2026-09-17,Completed
O-00277,C-0065,2025-04-10,Completed
O-00278,C-0024,2024-11-03,Completed
O-00279,C-0284,2024-05-31,Completed
O-00280,C-0358,2023-08-19,Completed
O-00281,C-0327,2026-04-03,Completed
O-00282,C-0053,2023-04-18,Completed
O-00283,C-0294,2025-09-06,Completed
O-00284,C-0241,2026-09-17,Returned
O-00285,C-0226,2026-05-25,Completed
O-00286,C-0095,2024-06-01,Completed
O-00287,C-0130,2024-07-01,Completed
O-00288,C-0059,2024-11-16,Completed
O-00289,C-0206,2026-03-06,Completed
O-00290,C-0038,2026-09-17,Completed
O-00291,C-0323,2023-05-08,Completed
O-00292,C-0078,2024-06-07,Completed
O-00293,C-0416,2025-10-07,Completed
O-00294,C-0486,2025-08-30,Completed
O-00295,C-0044,2024-11-18,Completed
O-00296,C-0061,2026-09-17,Completed
O-00297,C-0392,2024-06-06,Processing
O-00298,C-0311,2024-04-02,Completed
O-00299,C-0398,2025-08-10,Completed
O-00300,C-0195,2026-09-17,Completed
O-00301,C-0466,2024-05-09,Completed
O-00302,C-0153,2025-06-28,Cancelled
O-00303,C-0157,2025-04-15,Completed
O-00304,C-0318,2023-05-12,Completed
O-00305,C-0313,2023-06-24,Completed
O-00306,C-0486,2025-05-23,Completed
O-00307,C-0321,2026-01-02,Completed
O-00308,C-0136,2024-05-09,Returned
O-00309,C-0081,2025-08-25,Completed
O-00310,C-0089,2026-09-17,Completed
O-00311,C-0039,2023-06-17,Processing
O-00312,C-0002,2024-06-17,Completed
O-00313,C-0231,2025-09-28,Completed
O-00314,C-0150,2025-07-28,Completed
O-00315,C-0119,2024-07-26,Processing
O-00316,C-0362,2024-09-29,Completed
O-00317,C-0360,2025-05-27,Completed
O-00318,C-0037,2025-12-04,Completed
O-00319,C-0474,2024-08-17,Completed
O-00320,C-0404,2026-02-01,Completed
O-00321,C-0218,2024-01-23,Completed
O-00322,C-0279,2025-02-10,Completed
O-00323,C-0332,2025-06-12,Completed
O-00324,C-0466,2023-11-10,Returned
O-00325,C-0424,2024-10-06,Completed
O-00326,C-0037,2025-06-09,Completed
O-00327,C-0085,2024-07-02,Completed
O-00328,C-0305,2025-07-18,Completed
O-00329,C-0472,2025-05-24,Completed
O-00330,C-0225,2023-08-25,Completed
O-00331,C-0240,2026-01-14,Completed
O-00332,C-0359,2024-04-20,Completed
O-00333,C-0483,2024-11-15,Completed
O-00334,C-0257,2024-09-04,Completed
O-00335,C-0253,2026-07-24,Completed
O-00336,C-0042,2023-07-24,Returned
O-00337,C-0456,2026-08-18,Completed
O-00338,C-0377,2026-05-11,Cancelled
O-00339,C-0310,2025-05-09,Returned
O-00340,C-0014,2024-10-14,Completed
O-00341,C-0118,2025-09-05,Completed
O-00342,C-0301,2023-05-26,Completed
O-00343,C-0392,2024-01-07,Completed
O-00344,C-0296,2024-02-29,Completed
O-00345,C-0391,2026-03-18,Completed
O-00346,C-0241,2026-09-17,Completed
O-00347,C-0334,2026-09-17,Completed
O-00348,C-0470,2025-08-16,Completed
O-00349,C-0093,2025-09-16,Completed
O-00350,C-0224,2026-09-17,Completed
O-00351,C-0497,2024-11-01,Completed
O-00352,C-0241,2026-07-25,Completed
O-00353,C-0210,2025-02-26,Completed
O-00354,C-0165,2025-10-24,Returned
O-00355,C-0440,2024-10-15,Completed
O-00356,C-0169,2024-10-08,Completed
O-00357,C-0356,2026-03-23,Completed
O-00358,C-0148,2025-07-11,Completed
O-00359,C-0417,2026-07-01,Cancelled
O-00360,C-0019,2024-05-11,Completed
O-00361,C-0046,2024-08-30,Cancelled
O-00362,C-0130,2024-01-25,Completed
O-00363,C-0060,2024-11-15,Completed
O-00364,C-0443,2026-09-17,Completed
O-00365,C-0423,2025-01-07,Completed
O-00366,C-0337,2025-11-06,Completed
O-00367,C-0237,2024-08-12,Returned
O-00368,C-0028,2025-07-15,Returned
O-00369,C-0266,2026-04-21,Completed
O-00370,C-0319,2026-09-17,Cancelled
O-00371,C-0321,2026-08-26,Completed
O-00372,C-0390,2023-03-10,Completed
O-00373,C-0105,2025-09-19,Completed
O-00374,C-0282,2024-07-22,Completed
O-00375,C-0475,2026-06-06,Completed
O-00376,C-0225,2024-08-28,Completed
O-00377,C-0063,2025-02-16,Completed
O-00378,C-0499,2023-11-18,Completed
O-00379,C-0364,2025-11-11,Completed
O-00380,C-0160,2026-01-21,Completed
O-00381,C-0008,2024-12-09,Cancelled
O-00382,C-0209,2024-02-01,Returned
O-00383,C-0116,2023-10-12,Completed
O-00384,C-0237,2023-10-14,Returned
O-00385,C-0332,2025-06-17,Completed
O-00386,C-0256,2024-06-28,Completed
O-00387,C-0261,2026-06-03,Completed
O-00388,C-0213,2024-05-13,Completed
O-00389,C-0242,2025-03-04,Completed
O-00390,C-0234,2024-12-22,Completed
O-00391,C-0075,2025-10-23,Completed
O-00392,C-0098,2025-06-13,Completed
O-00393,C-0383,2025-10-13,Completed
O-00394,C-0443,2025-08-03,Completed
O-00395,C-0142,2025-10-02,Completed
O-00396,C-0175,2024-07-22,Completed
O-00397,C-0137,2023-10-05,Completed
O-00398,C-0145,2024-09-20,Completed
O-00399,C-0429,2026-09-17,Completed
O-00400,C-0338,2025-01-20,Completed
O-00401,C-0444,2024-11-27,Completed
O-00402,C-0229,2026-09-17,Completed
O-00403,C-0248,2024-01-09,Completed
O-00404,C-0171,2025-12-23,Completed
O-00405,C-0391,2026-09-17,Completed
O-00406,C-0194,2026-09-10,Completed
O-00407,C-0478,2025-10-12,Completed
O-00408,C-0446,2023-09-10,Completed
O-00409,C-0358,2023-12-12,Completed
O-00410,C-0293,2025-03-12,Completed
O-00411,C-0120,2026-09-17,Returned
O-00412,C-0023,2025-04-23,Completed
O-00413,C-0382,2026-09-17,Completed
O-00414,C-0362,2025-01-08,Completed
O-00415,C-0198,2025-06-13,Completed
O-00416,C-0254,2025-05-14,Completed
O-00417,C-0065,2025-11-30,Completed
O-00418,C-0495,2025-03-20,Completed
O-00419,C-0446,2023-06-11,Completed
O-00420,C-0448,2025-08-29,Completed
O-00421,C-0052,2024-10-05,Cancelled
O-00422,C-0467,2026-01-07,Completed
O-00423,C-0008,2023-10-18,Completed
O-00424,C-0210,2024-08-27,Completed
O-00425,C-0039,2024-05-02,Completed
O-00426,C-0401,2024-05-05,Completed
O-00427,C-0174,2026-03-27,Completed
O-00428,C-0333,2025-11-06,Completed
O-00429,C-0437,2024-01-31,Completed
O-00430,C-0437,2024-08-28,Completed
O-00431,C-0195,2026-07-14,Returned
O-00432,C-0321,2026-09-17,Completed
O-00433,C-0447,2026-09-17,Completed
O-00434,C-0019,2023-04-12,Completed
O-00435,C-0121,2025-08-08,Completed
O-00436,C-0117,2024-07-20,Completed
O-00437,C-0223,2024-09-12,Completed
O-00438,C-0390,2023-04-29,Completed
O-00439,C-0228,2024-04-21,Completed
O-00440,C-0356,2025-09-03,Completed
O-00441,C-0463,2023-10-10,Completed
O-00442,C-0024,2025-08-07,Completed
O-00443,C-0408,2023-03-02,Returned
O-00444,C-0151,2026-07-28,Completed
O-00445,C-0192,2026-09-17,Completed
O-00446,C-0075,2025-06-03,Returned
O-00447,C-0272,2024-07-07,Completed
O-00448,C-0290,2024-01-26,Returned
O-00449,C-0088,2023-09-19,Completed
O-00450,C-0041,2026-05-02,Cancelled
O-00451,C-0318,2023-11-13,Completed
O-00452,C-0255,2025-07-01,Completed
O-00453,C-0074,2025-05-31,Completed
O-00454,C-0237,2024-03-02,Cancelled
O-00455,C-0236,2025-11-08,Returned
O-00456,C-0342,2024-03-02,Completed
O-00457,C-0461,2026-09-17,Completed
O-00458,C-0462,2025-05-28,Cancelled
O-00459,C-0347,2025-09-28,Completed
O-00460,C-0081,2025-03-08,Completed
O-00461,C-0227,2025-09-21,Returned
O-00462,C-0301,2024-03-06,Completed
O-00463,C-0328,2025-07-21,Completed
O-00464,C-0354,2023-11-09,Completed
O-00465,C-0234,2024-04-11,Completed
O-00466,C-0102,2024-08-31,Returned
O-00467,C-0437,2024-07-07,Completed
O-00468,C-0055,2023-12-09,Returned
O-00469,C-0196,2024-08-20,Completed
O-00470,C-0184,2026-04-14,Processing
O-00471,C-0152,2025-08-19,Completed
O-00472,C-0012,2026-03-10,Completed
O-00473,C-0141,2025-09-01,Completed
O-00474,C-0290,2023-09-14,Completed
O-00475,C-0467,2026-02-17,Completed
O-00476,C-0427,2024-08-20,Returned
O-00477,C-0398,2024-10-14,Completed
O-00478,C-0311,2024-08-09,Completed
O-00479,C-0113,2025-01-11,Completed
O-00480,C-0318,2023-11-23,Completed
O-00481,C-0348,2024-05-18,Completed
O-00482,C-0322,2024-03-14,Processing
O-00483,C-0463,2023-10-21,Processing
O-00484,C-0159,2025-10-23,Cancelled
O-00485,C-0018,2024-09-18,Completed
O-00486,C-0187,2024-06-09,Completed
O-00487,C-0047,2024-04-07,Completed
O-00488,C-0168,2025-03-07,Completed
O-00489,C-0090,2024-03-20,Returned
O-00490,C-0068,2026-09-17,Completed
O-00491,C-0449,2024-04-02,Completed
O-00492,C-0272,2024-10-07,Completed
O-00493,C-0468,2023-12-30,Completed
O-00494,C-0426,2023-12-30,Completed
O-00495,C-0132,2026-08-28,Completed
O-00496,C-0496,2025-07-28,Completed
O-00497,C-0383,2026-05-08,Processing
O-00498,C-0412,2025-07-09,Completed
O-00499,C-0240,2025-05-25,Completed
O-00500,C-0073,2025-12-17,Completed
O-00501,C-0441,2025-07-10,Completed
O-00502,C-0496,2026-04-22,Completed
O-00503,C-0188,2024-12-04,Cancelled
O-00504,C-0405,2024-04-10,Completed
O-00505,C-0008,2024-02-18,Returned
O-00506,C-0275,2026-01-01,Completed
O-00507,C-0233,2024-08-04,Completed
O-00508,C-0345,2024-01-04,Completed
O-00509,C-0300,2025-05-03,Completed
O-00510,C-0422,2025-11-24,Completed
O-00511,C-0056,2024-08-30,Cancelled
O-00512,C-0242,2024-07-23,Completed
O-00513,C-0318,2024-10-06,Completed
O-00514,C-0168,2024-08-20,Completed
O-00515,C-0332,2025-03-16,Completed
O-00516,C-0326,2025-01-31,Completed
O-00517,C-0466,2023-12-17,Completed
O-00518,C-0333,2026-09-17,Completed
O-00519,C-0060,2024-02-19,Completed
O-00520,C-0024,2024-10-17,Completed
O-00521,C-0156,2024-10-09,Completed
O-00522,C-0060,2024-01-06,Completed
O-00523,C-0121,2026-04-21,Completed
O-00524,C-0070,2024-04-23,Returned
O-00525,C-0233,2024-08-06,Completed
O-00526,C-0344,2024-10-12,Completed
O-00527,C-0215,2025-06-17,Completed
O-00528,C-0454,2024-05-09,Processing
O-00529,C-0336,2024-11-23,Completed
O-00530,C-0427,2025-03-16,Completed
O-00531,C-0316,2024-04-23,Completed
O-00532,C-0481,2024-06-15,Completed
O-00533,C-0017,2025-03-23,Completed
O-00534,C-0112,2024-09-22,Completed
O-00535,C-0228,2024-07-01,Completed
O-00536,C-0438,2024-02-28,Processing
O-00537,C-0051,2024-12-22,Completed
O-00538,C-0279,2025-06-27,Completed
O-00539,C-0032,2025-04-17,Completed
O-00540,C-0142,2025-02-14,Completed
O-00541,C-0496,2025-02-01,Completed
O-00542,C-0486,2026-01-31,Completed
O-00543,C-0047,2024-01-13,Completed
O-00544,C-0329,2023-08-30,Completed
O-00545,C-0026,2025-07-05,Completed
O-00546,C-0125,2025-04-10,Completed
O-00547,C-0403,2025-09-16,Completed
O-00548,C-0106,2025-10-27,Completed
O-00549,C-0425,2024-12-27,Cancelled
O-00550,C-0107,2025-07-10,Completed
O-00551,C-0417,2025-08-10,Completed
O-00552,C-0169,2024-01-12,Completed
O-00553,C-0404,2025-07-16,Completed
O-00554,C-0142,2024-12-30,Completed
O-00555,C-0067,2026-09-17,Completed
O-00556,C-0129,2025-08-31,Completed
O-00557,C-0057,2025-06-13,Completed
O-00558,C-0068,2025-08-18,Completed
O-00559,C-0184,2025-05-04,Completed
O-00560,C-0302,2024-08-08,Completed
O-00561,C-0009,2025-07-22,Returned
O-00562,C-0136,2024-04-09,Completed
O-00563,C-0065,2025-09-08,Completed
O-00564,C-0270,2025-06-20,Completed
O-00565,C-0382,2025-08-06,Returned
O-00566,C-0244,2024-04-05,Completed
O-00567,C-0399,2025-05-18,Returned
O-00568,C-0263,2023-07-19,Completed
O-00569,C-0232,2026-02-13,Completed
O-00570,C-0114,2025-03-02,Returned
O-00571,C-0373,2024-12-22,Completed
O-00572,C-0155,2025-01-11,Completed
O-00573,C-0330,2024-08-07,Completed
O-00574,C-0032,2025-07-09,Returned
O-00575,C-0434,2024-04-19,Completed
O-00576,C-0219,2026-01-11,Completed
O-00577,C-0252,2026-09-16,Completed
O-00578,C-0038,2025-08-31,Completed
O-00579,C-0165,2025-12-07,Completed
O-00580,C-0034,2024-08-12,Returned
O-00581,C-0141,2026-09-17,Returned
O-00582,C-0281,2025-08-12,Completed
O-00583,C-0196,2024-07-09,Completed
O-00584,C-0151,2026-09-17,Completed
O-00585,C-0259,2026-09-02,Completed
O-00586,C-0051,2024-04-07,Completed
O-00587,C-0437,2024-09-15,Completed
O-00588,C-0370,2024-11-11,Returned
O-00589,C-0221,2026-05-28,Completed
O-00590,C-0455,2025-07-14,Completed
O-00591,C-0212,2025-03-23,Completed
O-00592,C-0424,2025-08-21,Completed
O-00593,C-0205,2026-04-28,Completed
O-00594,C-0374,2024-01-19,Completed
O-00595,C-0161,2024-12-08,Completed
O-00596,C-0161,2024-06-15,Completed
O-00597,C-0192,2026-02-25,Completed
O-00598,C-0352,2026-09-17,Completed
O-00599,C-0035,2024-11-28,Completed
O-00600,C-0426,2023-10-10,Completed
O-00601,C-0048,2024-10-25,Completed
O-00602,C-0050,2026-03-09,Completed
O-00603,C-0416,2024-07-21,Completed
O-00604,C-0285,2025-10-10,Completed
O-00605,C-0301,2024-11-30,Returned
O-00606,C-0288,2025-12-21,Completed
O-00607,C-0344,2023-08-11,Completed
O-00608,C-0211,2024-06-08,Completed
O-00609,C-0448,2025-08-12,Completed
O-00610,C-0445,2023-08-03,Completed
O-00611,C-0496,2025-07-20,Completed
O-00612,C-0308,2025-06-06,Completed
O-00613,C-0181,2025-07-07,Completed
O-00614,C-0296,2025-06-21,Completed
O-00615,C-0109,2023-08-21,Completed
O-00616,C-0337,2025-09-05,Completed
O-00617,C-0115,2023-12-28,Completed
O-00618,C-0180,2025-01-03,Completed
O-00619,C-0189,2024-08-20,Completed
O-00620,C-0391,2026-07-02,Completed
O-00621,C-0294,2025-07-08,Processing
O-00622,C-0414,2025-06-24,Completed
O-00623,C-0433,2026-02-04,Returned
O-00624,C-0499,2024-10-08,Completed
O-00625,C-0014,2025-04-12,Completed
O-00626,C-0015,2023-10-02,Completed
O-00627,C-0140,2026-06-06,Completed
O-00628,C-0472,2025-07-15,Completed
O-00629,C-0180,2023-06-20,Completed
O-00630,C-0093,2024-06-20,Completed
O-00631,C-0290,2024-09-08,Returned
O-00632,C-0036,2024-03-06,Completed
O-00633,C-0380,2024-04-30,Completed
O-00634,C-0047,2024-12-04,Completed
O-00635,C-0111,2025-11-02,Completed
O-00636,C-0215,2026-04-19,Completed
O-00637,C-0175,2023-07-30,Completed
O-00638,C-0190,2025-05-11,Completed
O-00639,C-0370,2025-03-03,Completed
O-00640,C-0398,2025-09-25,Processing
O-00641,C-0306,2023-04-19,Completed
O-00642,C-0453,2024-10-25,Completed
O-00643,C-0080,2023-12-25,Cancelled
O-00644,C-0387,2024-12-19,Completed
O-00645,C-0346,2025-01-28,Completed
O-00646,C-0140,2026-09-17,Processing
O-00647,C-0339,2026-05-23,Completed
O-00648,C-0249,2024-07-21,Completed
O-00649,C-0213,2023-10-11,Completed
O-00650,C-0111,2026-03-21,Completed
O-00651,C-0059,2025-08-30,Completed
O-00652,C-0221,2025-06-13,Cancelled
O-00653,C-0146,2024-12-17,Completed
O-00654,C-0270,2026-01-05,Completed
O-00655,C-0024,2025-04-22,Returned
O-00656,C-0203,2025-04-05,Completed
O-00657,C-0004,2025-08-27,Completed
O-00658,C-0155,2024-05-03,Completed
O-00659,C-0393,2025-12-25,Completed
O-00660,C-0392,2023-12-24,Completed
O-00661,C-0149,2025-01-11,Cancelled
O-00662,C-0062,2023-02-22,Completed
O-00663,C-0255,2025-01-25,Completed
O-00664,C-0090,2024-01-07,Completed
O-00665,C-0195,2026-09-17,Returned
O-00666,C-0361,2025-09-08,Returned
O-00667,C-0257,2024-09-24,Completed
O-00668,C-0427,2024-10-28,Completed
O-00669,C-0037,2026-05-20,Completed
O-00670,C-0442,2025-09-12,Completed
O-00671,C-0224,2025-08-12,Completed
O-00672,C-0236,2025-05-10,Completed
O-00673,C-0442,2026-06-16,Returned
O-00674,C-0295,2026-01-10,Completed
O-00675,C-0294,2026-01-07,Completed
O-00676,C-0364,2026-08-03,Completed
O-00677,C-0149,2024-06-07,Completed
O-00678,C-0208,2023-05-17,Completed
O-00679,C-0495,2025-03-13,Completed
O-00680,C-0088,2024-07-07,Completed
O-00681,C-0426,2024-07-19,Completed
O-00682,C-0046,2025-01-02,Processing
O-00683,C-0433,2024-10-26,Completed
O-00684,C-0125,2026-02-22,Completed
O-00685,C-0302,2024-10-26,Returned
O-00686,C-0269,2024-09-18,Completed
O-00687,C-0203,2025-12-22,Completed
O-00688,C-0382,2026-05-15,Returned
O-00689,C-0114,2025-12-24,Completed
O-00690,C-0399,2024-11-01,Completed
O-00691,C-0040,2026-07-24,Completed
O-00692,C-0325,2023-12-27,Completed
O-00693,C-0272,2024-10-16,Completed
O-00694,C-0100,2025-01-07,Completed
O-00695,C-0180,2023-11-12,Completed
O-00696,C-0121,2025-01-31,Completed
O-00697,C-0075,2025-06-15,Completed
O-00698,C-0102,2024-01-28,Completed
O-00699,C-0309,2024-01-28,Completed
O-00700,C-0390,2023-04-04,Returned
O-00701,C-0091,2026-09-17,Completed
O-00702,C-0238,2026-02-04,Returned
O-00703,C-0390,2024-09-01,Completed
O-00704,C-0230,2026-05-18,Completed
O-00705,C-0330,2025-06-02,Completed
O-00706,C-0443,2026-04-12,Processing
O-00707,C-0078,2025-04-01,Completed
O-00708,C-0035,2025-12-20,Completed
O-00709,C-0227,2025-08-09,Completed
O-00710,C-0408,2023-10-12,Completed
O-00711,C-0303,2023-10-16,Completed
O-00712,C-0181,2026-08-24,Cancelled
O-00713,C-0038,2026-04-23,Cancelled
O-00714,C-0237,2024-09-20,Completed
O-00715,C-0020,2023-06-04,Completed
O-00716,C-0189,2025-02-12,Completed
O-00717,C-0040,2025-05-20,Completed
O-00718,C-0315,2026-03-12,Completed
O-00719,C-0197,2026-03-16,Completed
O-00720,C-0298,2026-09-17,Completed
O-00721,C-0489,2024-01-02,Processing
O-00722,C-0231,2026-01-10,Completed
O-00723,C-0334,2026-01-01,Completed
O-00724,C-0165,2026-09-17,Completed
O-00725,C-0257,2023-08-03,Completed
O-00726,C-0491,2025-04-13,Completed
O-00727,C-0231,2024-09-17,Completed
O-00728,C-0416,2025-02-24,Completed
O-00729,C-0366,2023-12-08,Returned
O-00730,C-0259,2025-12-12,Completed
O-00731,C-0021,2024-04-22,Completed
O-00732,C-0363,2026-06-22,Completed
O-00733,C-0225,2024-10-07,Completed
O-00734,C-0268,2025-07-30,Completed
O-00735,C-0187,2025-02-11,Returned
O-00736,C-0470,2025-08-21,Completed
O-00737,C-0199,2024-06-20,Completed
O-00738,C-0397,2024-06-01,Completed
O-00739,C-0348,2024-02-21,Completed
O-00740,C-0405,2024-02-08,Completed
O-00741,C-0034,2025-03-08,Completed
O-00742,C-0049,2026-09-17,Processing
O-00743,C-0348,2025-01-28,Completed
O-00744,C-0146,2024-04-21,Completed
O-00745,C-0371,2023-10-25,Completed
O-00746,C-0171,2024-08-28,Returned
O-00747,C-0299,2024-11-05,Completed
O-00748,C-0470,2025-10-29,Completed
O-00749,C-0159,2025-09-03,Completed
O-00750,C-0067,2025-12-19,Completed
O-00751,C-0159,2026-02-21,Completed
O-00752,C-0193,2025-06-22,Completed
O-00753,C-0417,2025-04-24,Completed
O-00754,C-0344,2024-09-28,Completed
O-00755,C-0048,2024-10-16,Cancelled
O-00756,C-0261,2026-09-02,Completed
O-00757,C-0010,2024-04-21,Completed
O-00758,C-0159,2025-01-29,Completed
O-00759,C-0487,2024-06-11,Completed
O-00760,C-0175,2024-06-30,Completed
O-00761,C-0099,2024-02-03,Completed
O-00762,C-0071,2024-12-25,Completed
O-00763,C-0040,2025-12-16,Completed
O-00764,C-0433,2024-10-21,Completed
O-00765,C-0260,2026-02-07,Completed
O-00766,C-0428,2025-02-01,Completed
O-00767,C-0020,2024-03-16,Completed
O-00768,C-0449,2023-08-06,Completed
O-00769,C-0306,2024-02-12,Completed
O-00770,C-0079,2025-01-28,Completed
O-00771,C-0093,2024-07-13,Completed
O-00772,C-0370,2025-06-27,Completed
O-00773,C-0023,2025-07-27,Completed
O-00774,C-0187,2024-09-26,Completed
O-00775,C-0497,2025-10-28,Completed
O-00776,C-0313,2023-12-31,Completed
O-00777,C-0386,2024-05-26,Completed
O-00778,C-0120,2026-09-17,Completed
O-00779,C-0123,2025-06-06,Returned
O-00780,C-0495,2025-08-08,Completed
O-00781,C-0463,2024-03-27,Completed
O-00782,C-0189,2025-11-30,Completed
O-00783,C-0226,2026-09-17,Completed
O-00784,C-0394,2025-11-26,Completed
O-00785,C-0399,2025-06-08,Completed
O-00786,C-0258,2025-02-26,Completed
O-00787,C-0215,2025-06-24,Completed
O-00788,C-0419,2025-08-11,Completed
O-00789,C-0411,2025-12-26,Completed
O-00790,C-0447,2026-05-25,Completed
O-00791,C-0027,2024-11-27,Completed
O-00792,C-0448,2025-06-20,Completed
O-00793,C-0284,2023-11-19,Returned
O-00794,C-0365,2024-10-02,Completed
O-00795,C-0436,2024-03-25,Completed
O-00796,C-0146,2023-10-31,Cancelled
O-00797,C-0391,2026-03-03,Returned
O-00798,C-0140,2026-09-17,Completed
O-00799,C-0464,2026-01-23,Completed
O-00800,C-0076,2026-09-16,Completed
O-00801,C-0047,2024-01-23,Processing
O-00802,C-0419,2026-04-25,Completed
O-00803,C-0453,2025-08-25,Completed
O-00804,C-0477,2023-08-26,Completed
O-00805,C-0213,2023-02-28,Completed
O-00806,C-0203,2026-07-07,Processing
O-00807,C-0192,2026-05-21,Processing
O-00808,C-0198,2025-04-02,Completed
O-00809,C-0192,2026-05-09,Completed
O-00810,C-0015,2024-02-21,Completed
O-00811,C-0477,2023-11-08,Completed
O-00812,C-0430,2024-02-08,Completed
O-00813,C-0406,2023-11-15,Returned
O-00814,C-0071,2024-08-28,Completed
O-00815,C-0147,2026-03-01,Completed
O-00816,C-0357,2025-03-15,Processing
O-00817,C-0389,2026-08-30,Completed
O-00818,C-0230,2024-10-22,Completed
O-00819,C-0464,2024-11-05,Returned
O-00820,C-0010,2024-01-03,Completed
O-00821,C-0111,2025-03-15,Completed
O-00822,C-0281,2026-03-08,Processing
O-00823,C-0217,2025-04-30,Returned
O-00824,C-0398,2024-12-13,Completed
O-00825,C-0122,2025-10-10,Completed
O-00826,C-0063,2025-03-07,Completed
O-00827,C-0123,2025-09-27,Returned
O-00828,C-0328,2025-08-24,Returned
O-00829,C-0033,2023-12-06,Completed
O-00830,C-0429,2026-09-17,Completed
O-00831,C-0306,2024-07-24,Completed
O-00832,C-0009,2026-07-06,Completed
O-00833,C-0295,2025-07-02,Completed
O-00834,C-0368,2023-12-09,Completed
O-00835,C-0150,2026-09-07,Returned
O-00836,C-0001,2025-10-13,Completed
O-00837,C-0124,2025-03-20,Completed
O-00838,C-0214,2026-03-14,Completed
O-00839,C-0341,2025-07-03,Completed
O-00840,C-0269,2025-07-04,Completed
O-00841,C-0035,2026-02-16,Completed
O-00842,C-0279,2025-11-26,Returned
O-00843,C-0403,2025-07-19,Completed
O-00844,C-0284,2023-08-26,Completed
O-00845,C-0200,2026-03-26,Completed
O-00846,C-0023,2025-07-03,Completed
O-00847,C-0192,2026-06-08,Completed
O-00848,C-0383,2025-06-12,Completed
O-00849,C-0183,2024-05-17,Completed
O-00850,C-0177,2023-12-26,Completed
O-00851,C-0376,2023-12-29,Completed
O-00852,C-0396,2025-04-18,Completed
O-00853,C-0377,2026-05-21,Processing
O-00854,C-0069,2024-03-09,Completed
O-00855,C-0181,2026-09-17,Completed
O-00856,C-0174,2025-08-11,Completed
O-00857,C-0426,2024-11-01,Completed
O-00858,C-0357,2026-02-26,Completed
O-00859,C-0324,2024-12-14,Completed
O-00860,C-0416,2024-07-26,Completed
O-00861,C-0033,2024-11-25,Completed
O-00862,C-0019,2023-11-28,Completed
O-00863,C-0104,2023-11-15,Completed
O-00864,C-0406,2024-01-09,Returned
O-00865,C-0454,2023-04-23,Completed
O-00866,C-0162,2025-12-18,Returned
O-00867,C-0264,2026-03-03,Completed
O-00868,C-0418,2026-09-17,Returned
O-00869,C-0243,2026-04-15,Completed
O-00870,C-0019,2023-08-15,Returned
O-00871,C-0147,2025-11-03,Completed
O-00872,C-0442,2025-09-17,Completed
O-00873,C-0444,2025-06-02,Completed
O-00874,C-0140,2025-11-29,Completed
O-00875,C-0410,2024-10-10,Completed
O-00876,C-0224,2026-09-06,Completed
O-00877,C-0381,2026-07-02,Completed
O-00878,C-0459,2024-06-02,Completed
O-00879,C-0174,2025-08-23,Returned
O-00880,C-0255,2025-04-04,Completed
O-00881,C-0189,2025-10-08,Completed
O-00882,C-0137,2023-12-26,Completed
O-00883,C-0373,2024-09-14,Completed
O-00884,C-0041,2026-06-20,Cancelled
O-00885,C-0309,2024-02-25,Completed
O-00886,C-0280,2026-04-09,Completed
O-00887,C-0165,2025-10-22,Processing
O-00888,C-0041,2026-03-07,Returned
O-00889,C-0339,2026-01-11,Completed
O-00890,C-0157,2024-12-10,Completed
O-00891,C-0309,2024-11-03,Processing
O-00892,C-0086,2026-05-31,Completed
O-00893,C-0180,2024-09-13,Completed
O-00894,C-0022,2024-08-23,Completed
O-00895,C-0315,2025-12-28,Completed
O-00896,C-0141,2025-10-21,Completed
O-00897,C-0039,2024-02-27,Completed
O-00898,C-0187,2025-07-05,Completed
O-00899,C-0411,2026-01-17,Completed
O-00900,C-0488,2024-05-15,Completed
O-00901,C-0074,2025-12-28,Completed
O-00902,C-0018,2023-06-12,Completed
O-00903,C-0035,2025-04-25,Completed
O-00904,C-0399,2025-05-23,Completed
O-00905,C-0186,2025-02-26,Returned
O-00906,C-0487,2025-06-07,Completed
O-00907,C-0017,2024-08-13,Completed
O-00908,C-0348,2025-04-03,Completed
O-00909,C-0486,2025-11-06,Completed
O-00910,C-0191,2024-12-13,Completed
O-00911,C-0391,2025-12-07,Returned
O-00912,C-0294,2025-04-08,Returned
O-00913,C-0272,2024-05-22,Completed
O-00914,C-0204,2024-08-18,Completed
O-00915,C-0333,2026-05-28,Processing
O-00916,C-0128,2025-06-22,Completed
O-00917,C-0014,2025-01-19,Completed
O-00918,C-0256,2025-02-15,Returned
O-00919,C-0199,2024-11-24,Completed
O-00920,C-0061,2025-12-31,Completed
O-00921,C-0397,2024-03-13,Completed
O-00922,C-0361,2026-04-17,Completed
O-00923,C-0110,2025-07-05,Completed
O-00924,C-0356,2026-03-18,Completed
O-00925,C-0103,2025-03-23,Completed
O-00926,C-0070,2023-06-06,Completed
O-00927,C-0232,2025-03-11,Completed
O-00928,C-0461,2026-09-17,Completed
O-00929,C-0045,2024-11-07,Completed
O-00930,C-0342,2025-02-11,Completed
O-00931,C-0364,2025-08-07,Returned
O-00932,C-0282,2025-09-16,Completed
O-00933,C-0149,2024-12-14,Cancelled
O-00934,C-0436,2024-04-28,Completed
O-00935,C-0365,2023-10-18,Completed
O-00936,C-0407,2025-01-29,Completed
O-00937,C-0261,2026-04-14,Returned
O-00938,C-0063,2025-08-11,Completed
O-00939,C-0406,2023-11-08,Completed
O-00940,C-0122,2026-04-25,Completed
O-00941,C-0014,2025-07-17,Completed
O-00942,C-0284,2025-03-14,Completed
O-00943,C-0189,2025-08-16,Cancelled
O-00944,C-0412,2026-09-17,Completed
O-00945,C-0067,2025-12-21,Completed
O-00946,C-0034,2025-02-15,Completed
O-00947,C-0204,2025-02-03,Completed
O-00948,C-0270,2026-04-20,Completed
O-00949,C-0394,2026-04-06,Completed
O-00950,C-0422,2026-06-20,Completed
O-00951,C-0038,2025-10-16,Processing
O-00952,C-0498,2024-03-03,Completed
O-00953,C-0329,2023-10-23,Completed
O-00954,C-0231,2025-09-24,Completed
O-00955,C-0349,2025-08-21,Processing
O-00956,C-0177,2023-09-02,Completed
O-00957,C-0450,2026-09-17,Completed
O-00958,C-0328,2024-11-15,Returned
O-00959,C-0394,2025-06-23,Completed
O-00960,C-0222,2024-11-28,Completed
O-00961,C-0467,2024-11-22,Completed
O-00962,C-0426,2023-11-19,Returned
O-00963,C-0266,2025-09-19,Completed
O-00964,C-0156,2023-11-08,Completed
O-00965,C-0083,2024-01-13,Completed
O-00966,C-0479,2025-08-22,Completed
O-00967,C-0178,2024-11-19,Completed
O-00968,C-0459,2024-02-18,Completed
O-00969,C-0434,2023-05-24,Completed
O-00970,C-0129,2025-09-23,Completed
O-00971,C-0326,2025-04-30,Completed
O-00972,C-0141,2025-12-30,Completed
O-00973,C-0321,2026-04-06,Completed
O-00974,C-0315,2026-04-08,Completed
O-00975,C-0048,2025-01-05,Returned
O-00976,C-0329,2024-01-28,Returned
O-00977,C-0304,2024-10-22,Completed
O-00978,C-0079,2025-02-06,Completed
O-00979,C-0338,2024-08-17,Completed
O-00980,C-0432,2026-08-24,Completed
O-00981,C-0022,2023-09-26,Completed
O-00982,C-0042,2023-07-30,Completed
O-00983,C-0486,2026-06-05,Completed
O-00984,C-0136,2024-09-18,Returned
O-00985,C-0393,2026-09-17,Completed
O-00986,C-0214,2025-10-05,Returned
O-00987,C-0255,2025-05-23,Completed
O-00988,C-0149,2024-12-16,Returned
O-00989,C-0248,2023-09-28,Completed
O-00990,C-0413,2026-05-04,Completed
O-00991,C-0153,2025-07-23,Completed
O-00992,C-0038,2025-08-10,Completed
O-00993,C-0081,2026-03-18,Completed
O-00994,C-0213,2024-05-14,Cancelled
O-00995,C-0238,2025-01-31,Completed
O-00996,C-0175,2023-07-16,Completed
O-00997,C-0161,2024-08-19,Completed
O-00998,C-0376,2024-09-01,Returned
O-00999,C-0500,2025-08-17,Completed
O-01000,C-0067,2026-09-17,Completed
O-01001,C-0264,2026-08-18,Completed
O-01002,C-0055,2024-03-02,Completed
O-01003,C-0124,2024-12-03,Completed
O-01004,C-0063,2025-10-18,Cancelled
O-01005,C-0231,2025-02-12,Completed
O-01006,C-0073,2025-08-07,Returned
O-01007,C-0026,2025-05-22,Completed
O-01008,C-0485,2025-12-17,Completed
O-01009,C-0443,2026-07-26,Returned
O-01010,C-0128,2025-08-08,Completed
O-01011,C-0417,2025-11-15,Returned
O-01012,C-0479,2026-08-18,Completed
O-01013,C-0370,2025-02-19,Completed
O-01014,C-0098,2024-06-21,Returned
O-01015,C-0256,2025-02-12,Completed
O-01016,C-0240,2026-08-01,Completed
O-01017,C-0451,2024-05-21,Completed
O-01018,C-0255,2023-12-05,Completed
O-01019,C-0047,2024-07-16,Returned
O-01020,C-0259,2026-09-17,Completed
O-01021,C-0495,2024-12-17,Completed
O-01022,C-0111,2026-06-02,Completed
O-01023,C-0181,2025-05-11,Completed
O-01024,C-0026,2025-05-13,Completed
O-01025,C-0254,2026-08-01,Completed
O-01026,C-0147,2026-05-06,Returned
O-01027,C-0005,2024-01-28,Completed
O-01028,C-0221,2025-07-07,Completed
O-01029,C-0452,2023-12-08,Completed
O-01030,C-0373,2024-07-16,Completed
O-01031,C-0392,2024-05-23,Completed
O-01032,C-0188,2024-10-19,Completed
O-01033,C-0206,2024-12-10,Completed
O-01034,C-0292,2025-06-14,Completed
O-01035,C-0100,2025-01-21,Completed
O-01036,C-0284,2024-05-27,Returned
O-01037,C-0038,2026-07-10,Processing
O-01038,C-0259,2026-09-17,Completed
O-01039,C-0392,2024-10-21,Completed
O-01040,C-0144,2025-05-07,Completed
O-01041,C-0066,2023-08-16,Completed
O-01042,C-0202,2025-07-21,Completed
O-01043,C-0407,2025-01-06,Completed
O-01044,C-0286,2025-07-16,Returned
O-01045,C-0387,2025-03-26,Completed
O-01046,C-0102,2025-01-06,Completed
O-01047,C-0206,2026-03-15,Completed
O-01048,C-0021,2023-09-28,Returned
O-01049,C-0020,2023-08-25,Completed
O-01050,C-0366,2024-08-19,Completed
O-01051,C-0412,2026-07-12,Returned
O-01052,C-0266,2026-07-27,Completed
O-01053,C-0077,2026-09-17,Completed
O-01054,C-0072,2024-09-28,Completed
O-01055,C-0477,2024-06-20,Returned
O-01056,C-0084,2025-12-16,Completed
O-01057,C-0316,2024-01-03,Completed
O-01058,C-0304,2024-02-15,Completed
O-01059,C-0260,2026-01-07,Completed
O-01060,C-0273,2026-03-23,Completed
O-01061,C-0363,2026-09-17,Completed
O-01062,C-0154,2024-09-25,Completed
O-01063,C-0418,2025-09-25,Returned
O-01064,C-0189,2025-03-30,Completed
O-01065,C-0345,2023-08-01,Completed
O-01066,C-0214,2026-09-17,Completed
O-01067,C-0158,2025-03-01,Completed
O-01068,C-0306,2024-05-22,Completed
O-01069,C-0136,2025-09-30,Completed
O-01070,C-0296,2024-09-08,Completed
O-01071,C-0370,2024-05-27,Completed
O-01072,C-0299,2025-10-18,Completed
O-01073,C-0088,2024-09-10,Completed
O-01074,C-0323,2024-04-07,Cancelled
O-01075,C-0076,2026-03-01,Completed
O-01076,C-0017,2025-10-16,Completed
O-01077,C-0486,2025-02-12,Completed
O-01078,C-0098,2024-01-29,Completed
O-01079,C-0226,2026-04-28,Completed
O-01080,C-0215,2025-06-14,Completed
O-01081,C-0212,2024-11-04,Completed
O-01082,C-0211,2024-11-06,Completed
O-01083,C-0397,2024-10-15,Returned
O-01084,C-0447,2025-11-13,Completed
O-01085,C-0362,2024-05-04,Returned
O-01086,C-0266,2025-11-14,Completed
O-01087,C-0288,2025-12-16,Completed
O-01088,C-0340,2025-09-01,Completed
O-01089,C-0270,2026-03-16,Completed
O-01090,C-0161,2024-03-23,Processing
O-01091,C-0236,2026-08-19,Completed
O-01092,C-0176,2026-09-17,Processing
O-01093,C-0182,2025-08-25,Completed
O-01094,C-0313,2024-07-22,Completed
O-01095,C-0099,2024-02-24,Completed
O-01096,C-0143,2026-09-17,Completed
O-01097,C-0153,2024-12-01,Cancelled
O-01098,C-0483,2024-12-11,Completed
O-01099,C-0395,2026-03-11,Completed
O-01100,C-0361,2025-08-16,Completed
O-01101,C-0354,2024-07-10,Completed
O-01102,C-0163,2025-12-26,Completed
O-01103,C-0179,2026-05-01,Completed
O-01104,C-0479,2025-10-11,Returned
O-01105,C-0148,2024-09-28,Completed
O-01106,C-0294,2026-05-29,Completed
O-01107,C-0195,2026-09-17,Completed
O-01108,C-0420,2026-03-02,Completed
O-01109,C-0489,2024-04-18,Processing
O-01110,C-0149,2024-03-25,Completed
O-01111,C-0148,2024-08-15,Completed
O-01112,C-0178,2024-09-01,Completed
O-01113,C-0336,2025-05-03,Completed
O-01114,C-0383,2026-09-17,Completed
O-01115,C-0110,2025-04-10,Processing
O-01116,C-0424,2025-11-16,Completed
O-01117,C-0139,2025-03-03,Processing
O-01118,C-0357,2025-07-29,Completed
O-01119,C-0071,2024-11-08,Completed
O-01120,C-0316,2023-11-03,Completed
O-01121,C-0125,2025-01-23,Completed
O-01122,C-0343,2025-01-08,Returned
O-01123,C-0116,2024-02-11,Completed
O-01124,C-0027,2023-11-03,Completed
O-01125,C-0212,2025-03-14,Completed
O-01126,C-0368,2024-11-09,Completed
O-01127,C-0052,2023-09-03,Completed
O-01128,C-0003,2024-08-12,Completed
O-01129,C-0476,2024-03-05,Completed
O-01130,C-0209,2025-02-27,Returned
O-01131,C-0245,2025-03-29,Completed
O-01132,C-0388,2025-04-28,Completed
O-01133,C-0165,2026-04-27,Completed
O-01134,C-0331,2023-07-16,Processing
O-01135,C-0465,2024-12-01,Completed
O-01136,C-0334,2026-09-17,Returned
O-01137,C-0119,2025-04-04,Completed
O-01138,C-0379,2023-04-27,Completed
O-01139,C-0468,2023-09-21,Completed
O-01140,C-0214,2026-03-03,Completed
O-01141,C-0479,2025-02-10,Completed
O-01142,C-0429,2026-09-17,Completed
O-01143,C-0404,2026-09-17,Completed
O-01144,C-0096,2025-08-05,Completed
O-01145,C-0449,2023-05-02,Completed
O-01146,C-0005,2024-08-10,Returned
O-01147,C-0291,2025-04-20,Completed
O-01148,C-0476,2024-09-03,Returned
O-01149,C-0146,2024-11-14,Completed
O-01150,C-0329,2025-02-15,Completed
O-01151,C-0269,2025-11-17,Completed
O-01152,C-0456,2025-10-17,Completed
O-01153,C-0436,2025-04-18,Completed
O-01154,C-0240,2025-12-13,Completed
O-01155,C-0099,2023-10-10,Completed
O-01156,C-0170,2023-11-05,Completed
O-01157,C-0375,2025-08-01,Completed
O-01158,C-0332,2025-10-01,Completed
O-01159,C-0368,2024-01-21,Completed
O-01160,C-0008,2024-05-03,Completed
O-01161,C-0405,2023-12-30,Cancelled
O-01162,C-0291,2025-07-17,Cancelled
O-01163,C-0090,2024-10-16,Completed
O-01164,C-0424,2025-07-25,Completed
O-01165,C-0264,2025-12-21,Completed
O-01166,C-0045,2025-01-29,Completed
O-01167,C-0343,2023-10-20,Completed
O-01168,C-0095,2024-08-31,Completed
O-01169,C-0245,2025-08-03,Completed
O-01170,C-0480,2024-07-30,Completed
O-01171,C-0004,2025-10-24,Completed
O-01172,C-0197,2025-07-27,Completed
O-01173,C-0229,2026-02-09,Returned
O-01174,C-0489,2024-10-23,Completed
O-01175,C-0155,2025-05-18,Completed
O-01176,C-0371,2024-12-31,Returned
O-01177,C-0006,2024-06-02,Completed
O-01178,C-0335,2025-08-11,Completed
O-01179,C-0355,2025-07-20,Completed
O-01180,C-0032,2024-07-05,Completed
O-01181,C-0239,2026-07-15,Returned
O-01182,C-0082,2024-05-02,Completed
O-01183,C-0352,2026-09-17,Processing
O-01184,C-0473,2025-05-04,Completed
O-01185,C-0354,2023-06-26,Completed
O-01186,C-0328,2025-03-11,Completed
O-01187,C-0189,2024-12-07,Completed
O-01188,C-0113,2024-11-14,Completed
O-01189,C-0245,2025-02-09,Completed
O-01190,C-0233,2024-08-09,Completed
O-01191,C-0213,2024-07-20,Completed
O-01192,C-0468,2024-07-20,Processing
O-01193,C-0388,2026-01-09,Completed
O-01194,C-0411,2026-03-18,Completed
O-01195,C-0391,2026-05-31,Completed
O-01196,C-0349,2024-06-01,Returned
O-01197,C-0270,2026-05-27,Completed
O-01198,C-0271,2024-05-14,Returned
O-01199,C-0040,2026-09-17,Completed
O-01200,C-0058,2024-02-21,Completed
O-01201,C-0425,2024-12-20,Completed
O-01202,C-0463,2025-02-09,Returned
O-01203,C-0104,2025-05-10,Completed
O-01204,C-0275,2026-01-28,Completed
O-01205,C-0085,2024-07-23,Completed
O-01206,C-0438,2024-08-07,Completed
O-01207,C-0227,2025-01-30,Processing
O-01208,C-0349,2024-10-06,Completed
O-01209,C-0368,2025-03-03,Processing
O-01210,C-0251,2024-04-10,Completed
O-01211,C-0461,2026-09-17,Completed
O-01212,C-0229,2025-07-07,Completed
O-01213,C-0233,2023-12-06,Completed
O-01214,C-0263,2024-05-28,Completed
O-01215,C-0234,2025-01-04,Completed
O-01216,C-0030,2026-07-15,Completed
O-01217,C-0237,2024-04-26,Cancelled
O-01218,C-0371,2023-06-16,Returned
O-01219,C-0203,2025-10-26,Completed
O-01220,C-0419,2025-01-22,Returned
O-01221,C-0382,2026-01-11,Completed
O-01222,C-0297,2024-06-07,Completed
O-01223,C-0024,2025-11-16,Completed
O-01224,C-0177,2023-06-28,Completed
O-01225,C-0278,2023-11-30,Completed
O-01226,C-0479,2025-03-15,Completed
O-01227,C-0479,2026-05-02,Completed
O-01228,C-0017,2024-12-27,Completed
O-01229,C-0210,2024-09-22,Completed
O-01230,C-0394,2025-06-29,Completed
O-01231,C-0393,2026-09-17,Completed
O-01232,C-0192,2026-09-17,Completed
O-01233,C-0230,2025-11-07,Completed
O-01234,C-0193,2024-10-11,Completed
O-01235,C-0350,2025-08-31,Returned
O-01236,C-0069,2025-01-14,Completed
O-01237,C-0061,2025-10-06,Completed
O-01238,C-0276,2025-08-23,Returned
O-01239,C-0271,2023-09-17,Completed
O-01240,C-0373,2024-02-21,Completed
O-01241,C-0428,2023-08-15,Completed
O-01242,C-0388,2024-07-31,Completed
O-01243,C-0153,2025-08-02,Completed
O-01244,C-0345,2024-10-19,Completed
O-01245,C-0218,2025-03-25,Returned
O-01246,C-0195,2026-04-16,Completed
O-01247,C-0127,2026-08-28,Completed
O-01248,C-0178,2023-11-12,Completed
O-01249,C-0142,2025-02-13,Completed
O-01250,C-0480,2024-03-13,Completed
O-01251,C-0017,2025-05-12,Completed
O-01252,C-0315,2024-10-25,Returned
O-01253,C-0124,2024-03-12,Completed
O-01254,C-0035,2024-12-08,Completed
O-01255,C-0305,2024-01-17,Completed
O-01256,C-0229,2025-06-30,Completed
O-01257,C-0126,2024-01-14,Completed
O-01258,C-0206,2026-01-11,Completed
O-01259,C-0120,2026-09-17,Completed
O-01260,C-0112,2023-08-22,Completed
O-01261,C-0072,2025-03-27,Returned
O-01262,C-0149,2024-10-07,Completed
O-01263,C-0418,2026-09-17,Returned
O-01264,C-0164,2025-10-27,Completed
O-01265,C-0307,2025-07-20,Completed
O-01266,C-0122,2025-10-11,Completed
O-01267,C-0449,2023-08-18,Completed
O-01268,C-0339,2026-08-30,Completed
O-01269,C-0114,2026-03-16,Completed
O-01270,C-0154,2024-03-04,Completed
O-01271,C-0032,2025-09-27,Completed
O-01272,C-0486,2025-04-20,Completed
O-01273,C-0321,2026-08-11,Returned
O-01274,C-0285,2026-09-17,Completed
O-01275,C-0025,2024-01-16,Completed
O-01276,C-0483,2025-03-07,Completed
O-01277,C-0403,2025-08-06,Completed
O-01278,C-0164,2025-05-15,Returned
O-01279,C-0210,2024-08-21,Completed
O-01280,C-0154,2024-06-16,Completed
O-01281,C-0095,2025-10-12,Completed
O-01282,C-0243,2026-04-02,Completed
O-01283,C-0435,2025-09-23,Completed
O-01284,C-0154,2023-10-22,Completed
O-01285,C-0413,2026-07-02,Completed
O-01286,C-0469,2024-05-04,Completed
O-01287,C-0288,2026-03-16,Returned
O-01288,C-0496,2025-11-29,Completed
O-01289,C-0286,2025-12-31,Completed
O-01290,C-0069,2025-02-24,Completed
O-01291,C-0125,2025-08-21,Cancelled
O-01292,C-0105,2025-11-23,Completed
O-01293,C-0332,2025-04-01,Cancelled
O-01294,C-0473,2025-09-23,Returned
O-01295,C-0434,2024-03-18,Completed
O-01296,C-0048,2025-02-08,Completed
O-01297,C-0371,2023-12-06,Returned
O-01298,C-0027,2024-04-23,Completed
O-01299,C-0194,2025-07-11,Returned
O-01300,C-0448,2024-08-18,Cancelled
O-01301,C-0097,2026-09-17,Completed
O-01302,C-0112,2024-10-28,Completed
O-01303,C-0107,2025-11-06,Cancelled
O-01304,C-0156,2023-06-08,Completed
O-01305,C-0109,2023-09-26,Completed
O-01306,C-0493,2023-07-15,Completed
O-01307,C-0383,2026-09-17,Completed
O-01308,C-0469,2024-11-09,Cancelled
O-01309,C-0357,2025-05-21,Returned
O-01310,C-0204,2024-06-03,Completed
O-01311,C-0283,2026-08-10,Completed
O-01312,C-0398,2024-12-07,Completed
O-01313,C-0195,2026-09-17,Returned
O-01314,C-0274,2025-05-04,Completed
O-01315,C-0158,2025-10-27,Completed
O-01316,C-0185,2024-08-14,Completed
O-01317,C-0452,2024-08-03,Completed
O-01318,C-0239,2025-12-13,Cancelled
O-01319,C-0412,2026-07-07,Completed
O-01320,C-0390,2023-12-10,Completed
O-01321,C-0469,2024-09-30,Completed
O-01322,C-0190,2025-05-12,Processing
O-01323,C-0212,2024-05-26,Completed
O-01324,C-0289,2025-07-22,Completed
O-01325,C-0380,2024-08-26,Completed
O-01326,C-0009,2025-10-19,Returned
O-01327,C-0284,2025-03-26,Completed
O-01328,C-0297,2025-05-26,Completed
O-01329,C-0152,2025-03-26,Completed
O-01330,C-0101,2024-12-02,Completed
O-01331,C-0118,2025-02-16,Completed
O-01332,C-0292,2024-07-25,Returned
O-01333,C-0256,2025-03-20,Completed
O-01334,C-0336,2025-07-25,Completed
O-01335,C-0132,2026-09-04,Completed
O-01336,C-0495,2025-08-30,Completed
O-01337,C-0236,2025-08-11,Completed
O-01338,C-0376,2024-09-08,Returned
O-01339,C-0087,2024-03-16,Completed
O-01340,C-0369,2026-01-14,Completed
O-01341,C-0251,2024-07-14,Completed
O-01342,C-0470,2026-05-14,Completed
O-01343,C-0329,2023-10-08,Completed
O-01344,C-0269,2024-08-03,Completed
O-01345,C-0430,2023-05-17,Cancelled
O-01346,C-0484,2023-07-04,Completed
O-01347,C-0392,2023-04-13,Completed
O-01348,C-0212,2024-08-28,Processing
O-01349,C-0432,2025-09-17,Completed
O-01350,C-0035,2025-01-28,Completed
O-01351,C-0005,2024-05-20,Completed
O-01352,C-0259,2026-09-17,Completed
O-01353,C-0192,2025-11-22,Completed
O-01354,C-0317,2024-12-30,Completed
O-01355,C-0338,2025-01-18,Completed
O-01356,C-0009,2025-01-31,Returned
O-01357,C-0273,2026-05-25,Completed
O-01358,C-0211,2023-06-24,Completed
O-01359,C-0009,2026-07-21,Completed
O-01360,C-0370,2025-01-11,Completed
O-01361,C-0275,2026-06-17,Completed
O-01362,C-0009,2026-06-23,Returned
O-01363,C-0417,2026-02-28,Returned
O-01364,C-0413,2025-09-14,Completed
O-01365,C-0055,2023-07-18,Cancelled
O-01366,C-0269,2024-11-29,Completed
O-01367,C-0124,2024-02-26,Completed
O-01368,C-0318,2024-09-01,Completed
O-01369,C-0130,2024-02-25,Returned
O-01370,C-0137,2024-11-12,Completed
O-01371,C-0041,2026-04-23,Completed
O-01372,C-0492,2026-09-17,Returned
O-01373,C-0236,2026-09-17,Completed
O-01374,C-0125,2025-07-22,Completed
O-01375,C-0154,2023-08-18,Completed
O-01376,C-0335,2024-09-09,Completed
O-01377,C-0048,2024-09-28,Completed
O-01378,C-0195,2026-09-14,Completed
O-01379,C-0283,2026-09-17,Completed
O-01380,C-0029,2024-11-06,Returned
O-01381,C-0360,2024-08-11,Completed
O-01382,C-0043,2026-05-11,Completed
O-01383,C-0433,2025-09-27,Completed
O-01384,C-0331,2024-04-20,Completed
O-01385,C-0290,2023-10-31,Completed
O-01386,C-0459,2024-10-25,Completed
O-01387,C-0471,2024-10-03,Completed
O-01388,C-0118,2024-08-28,Completed
O-01389,C-0462,2026-03-10,Completed
O-01390,C-0244,2023-10-06,Completed
O-01391,C-0024,2024-11-24,Completed
O-01392,C-0351,2025-02-05,Completed
O-01393,C-0461,2026-09-17,Completed
O-01394,C-0289,2025-01-10,Completed
O-01395,C-0092,2024-03-02,Completed
O-01396,C-0009,2025-08-25,Returned
O-01397,C-0301,2023-09-29,Completed
O-01398,C-0386,2024-04-04,Completed
O-01399,C-0476,2023-12-13,Returned
O-01400,C-0154,2023-11-10,Completed
O-01401,C-0289,2025-08-11,Completed
O-01402,C-0291,2026-02-03,Completed
O-01403,C-0347,2025-09-22,Completed
O-01404,C-0170,2024-06-19,Returned
O-01405,C-0387,2025-03-22,Completed
O-01406,C-0405,2023-05-22,Cancelled
O-01407,C-0257,2024-02-19,Completed
O-01408,C-0028,2025-04-14,Completed
O-01409,C-0224,2026-03-18,Completed
O-01410,C-0430,2023-05-18,Completed
O-01411,C-0175,2024-03-31,Completed
O-01412,C-0497,2025-06-30,Processing
O-01413,C-0016,2025-06-03,Completed
O-01414,C-0402,2026-09-09,Completed
O-01415,C-0252,2026-02-07,Completed
O-01416,C-0183,2025-09-26,Completed
O-01417,C-0482,2024-10-18,Completed
O-01418,C-0222,2024-01-09,Completed
O-01419,C-0349,2025-10-30,Completed
O-01420,C-0339,2026-04-08,Completed
O-01421,C-0044,2025-01-05,Completed
O-01422,C-0409,2024-10-14,Returned
O-01423,C-0366,2023-11-27,Returned
O-01424,C-0043,2025-09-16,Completed
O-01425,C-0079,2025-09-08,Completed
O-01426,C-0365,2023-09-27,Processing
O-01427,C-0379,2024-04-21,Completed
O-01428,C-0163,2025-08-26,Returned
O-01429,C-0055,2023-07-13,Completed
O-01430,C-0003,2023-12-08,Completed
O-01431,C-0228,2024-11-05,Returned
O-01432,C-0390,2023-10-20,Cancelled
O-01433,C-0053,2023-08-19,Completed
O-01434,C-0045,2024-06-24,Completed
O-01435,C-0221,2026-05-25,Completed
O-01436,C-0286,2026-01-26,Completed
O-01437,C-0263,2024-05-20,Completed
O-01438,C-0053,2023-05-02,Completed
O-01439,C-0046,2024-10-09,Cancelled
O-01440,C-0284,2023-11-09,Completed
O-01441,C-0306,2023-12-21,Completed
O-01442,C-0443,2026-06-22,Completed
O-01443,C-0007,2024-06-11,Completed
O-01444,C-0212,2025-05-12,Completed
O-01445,C-0399,2024-08-07,Completed
O-01446,C-0372,2025-10-02,Completed
O-01447,C-0464,2025-04-21,Cancelled
O-01448,C-0293,2025-07-31,Cancelled
O-01449,C-0087,2024-11-17,Completed
O-01450,C-0087,2024-03-15,Cancelled
O-01451,C-0138,2024-01-12,Completed
O-01452,C-0138,2024-07-26,Completed
O-01453,C-0075,2024-11-29,Completed
O-01454,C-0086,2026-05-22,Completed
O-01455,C-0142,2025-10-09,Completed
O-01456,C-0154,2024-10-04,Returned
O-01457,C-0401,2023-10-25,Completed
O-01458,C-0185,2023-11-20,Completed
O-01459,C-0484,2024-01-23,Completed
O-01460,C-0370,2025-08-25,Completed
O-01461,C-0305,2024-07-01,Processing
O-01462,C-0235,2024-05-07,Completed
O-01463,C-0070,2024-01-28,Completed
O-01464,C-0004,2026-03-11,Completed
O-01465,C-0171,2025-06-30,Completed
O-01466,C-0412,2026-02-14,Completed
O-01467,C-0226,2026-05-19,Completed
O-01468,C-0221,2025-07-09,Completed
O-01469,C-0154,2024-04-20,Cancelled
O-01470,C-0309,2024-03-17,Completed
O-01471,C-0246,2024-10-15,Completed
O-01472,C-0091,2026-07-19,Completed
O-01473,C-0496,2025-08-21,Returned
O-01474,C-0150,2026-09-17,Completed
O-01475,C-0496,2026-05-11,Completed
O-01476,C-0401,2024-04-12,Completed
O-01477,C-0167,2025-03-05,Completed
O-01478,C-0144,2026-02-12,Returned
O-01479,C-0187,2024-05-22,Completed
O-01480,C-0478,2026-06-17,Completed
O-01481,C-0103,2026-05-30,Completed
O-01482,C-0093,2025-08-11,Completed
O-01483,C-0014,2025-10-28,Cancelled
O-01484,C-0483,2024-09-12,Cancelled
O-01485,C-0225,2024-02-12,Completed
O-01486,C-0426,2023-09-23,Completed
O-01487,C-0420,2026-05-06,Completed
O-01488,C-0345,2024-09-03,Completed
O-01489,C-0072,2024-09-03,Completed
O-01490,C-0124,2024-04-28,Completed
O-01491,C-0338,2024-02-11,Completed
O-01492,C-0367,2024-09-22,Cancelled
O-01493,C-0405,2024-03-23,Completed
O-01494,C-0038,2026-09-12,Returned
O-01495,C-0307,2025-12-29,Completed
O-01496,C-0299,2025-07-29,Returned
O-01497,C-0274,2025-10-02,Completed
O-01498,C-0473,2025-08-22,Completed
O-01499,C-0279,2024-08-01,Completed
O-01500,C-0405,2024-03-05,Returned
O-01501,C-0360,2025-08-20,Completed
O-01502,C-0305,2024-03-10,Returned
O-01503,C-0056,2024-09-14,Completed
O-01504,C-0337,2025-04-28,Completed
O-01505,C-0086,2025-04-17,Returned
O-01506,C-0289,2026-01-21,Completed
O-01507,C-0496,2025-09-03,Completed
O-01508,C-0495,2025-06-29,Completed
O-01509,C-0055,2023-04-21,Returned
O-01510,C-0051,2024-09-01,Completed
O-01511,C-0114,2026-06-23,Returned
O-01512,C-0383,2026-09-17,Completed
O-01513,C-0286,2026-02-21,Processing
O-01514,C-0353,2026-08-29,Cancelled
O-01515,C-0114,2026-04-18,Completed
O-01516,C-0192,2026-09-17,Completed
O-01517,C-0238,2025-12-01,Completed
O-01518,C-0078,2024-12-25,Completed
O-01519,C-0013,2026-09-17,Completed
O-01520,C-0054,2024-11-23,Completed
O-01521,C-0213,2023-04-02,Completed
O-01522,C-0060,2024-02-21,Completed
O-01523,C-0179,2025-08-20,Completed
O-01524,C-0176,2026-09-10,Completed
O-01525,C-0402,2026-01-02,Processing
O-01526,C-0267,2024-07-19,Completed
O-01527,C-0179,2026-02-04,Completed
O-01528,C-0050,2026-05-15,Completed
O-01529,C-0370,2025-07-12,Returned
O-01530,C-0164,2024-05-22,Returned
O-01531,C-0154,2023-07-12,Returned
O-01532,C-0415,2024-02-15,Processing
O-01533,C-0012,2026-01-15,Completed
O-01534,C-0332,2025-05-02,Returned
O-01535,C-0347,2024-09-02,Completed
O-01536,C-0477,2024-04-04,Completed
O-01537,C-0265,2024-11-07,Cancelled
O-01538,C-0283,2026-02-25,Completed
O-01539,C-0170,2024-12-16,Completed
O-01540,C-0219,2026-09-17,Completed
O-01541,C-0119,2024-11-22,Completed
O-01542,C-0323,2023-09-19,Completed
O-01543,C-0096,2025-12-29,Completed
O-01544,C-0203,2025-03-09,Completed
O-01545,C-0378,2026-02-22,Completed
O-01546,C-0231,2025-08-17,Returned
O-01547,C-0200,2024-12-04,Completed
O-01548,C-0361,2025-08-23,Completed
O-01549,C-0106,2026-05-30,Returned
O-01550,C-0386,2023-04-27,Completed
O-01551,C-0296,2024-05-02,Completed
O-01552,C-0410,2025-04-01,Completed
O-01553,C-0096,2025-10-22,Returned
O-01554,C-0167,2024-09-02,Completed
O-01555,C-0235,2024-05-14,Completed
O-01556,C-0135,2025-04-05,Completed
O-01557,C-0271,2024-03-25,Completed
O-01558,C-0306,2024-02-24,Completed
O-01559,C-0313,2024-04-19,Completed
O-01560,C-0301,2023-08-29,Completed
O-01561,C-0179,2025-09-30,Completed
O-01562,C-0433,2025-10-21,Completed
O-01563,C-0317,2024-02-16,Completed
O-01564,C-0417,2025-10-15,Returned
O-01565,C-0471,2024-11-15,Completed
O-01566,C-0345,2023-08-26,Completed
O-01567,C-0161,2024-01-26,Returned
O-01568,C-0123,2025-06-02,Completed
O-01569,C-0060,2024-04-03,Completed
O-01570,C-0192,2026-02-13,Completed
O-01571,C-0262,2024-04-23,Completed
O-01572,C-0215,2025-05-31,Returned
O-01573,C-0295,2025-11-24,Completed
O-01574,C-0217,2025-07-16,Completed
O-01575,C-0250,2026-09-17,Completed
O-01576,C-0356,2025-04-27,Completed
O-01577,C-0285,2026-01-27,Cancelled
O-01578,C-0251,2024-10-29,Completed
O-01579,C-0072,2024-05-07,Completed
O-01580,C-0162,2026-05-11,Completed
O-01581,C-0318,2023-05-05,Completed
O-01582,C-0444,2025-06-30,Completed
O-01583,C-0488,2024-04-23,Completed
O-01584,C-0249,2023-09-12,Completed
O-01585,C-0100,2025-02-12,Completed
O-01586,C-0494,2024-08-08,Completed
O-01587,C-0259,2026-09-17,Completed
O-01588,C-0210,2025-08-07,Completed
O-01589,C-0213,2024-04-03,Returned
O-01590,C-0251,2024-06-27,Completed
O-01591,C-0043,2026-07-17,Completed
O-01592,C-0016,2025-04-10,Completed
O-01593,C-0150,2025-07-28,Completed
O-01594,C-0141,2026-04-11,Completed
O-01595,C-0276,2025-05-08,Completed
O-01596,C-0087,2025-02-04,Completed
O-01597,C-0290,2024-12-14,Completed
O-01598,C-0282,2025-08-15,Returned
O-01599,C-0058,2025-07-28,Returned
O-01600,C-0059,2025-06-12,Completed
O-01601,C-0397,2024-12-28,Completed
O-01602,C-0422,2025-11-19,Completed
O-01603,C-0278,2023-11-11,Completed
O-01604,C-0390,2024-04-12,Processing
O-01605,C-0280,2026-01-22,Completed
O-01606,C-0218,2024-01-10,Completed
O-01607,C-0377,2026-02-23,Completed
O-01608,C-0153,2024-05-18,Completed
O-01609,C-0231,2025-02-28,Completed
O-01610,C-0179,2025-01-02,Completed
O-01611,C-0225,2023-08-18,Completed
O-01612,C-0398,2024-10-21,Completed
O-01613,C-0108,2025-10-20,Completed
O-01614,C-0441,2025-08-11,Completed
O-01615,C-0085,2024-01-12,Completed
O-01616,C-0402,2026-01-02,Completed
O-01617,C-0417,2025-07-14,Completed
O-01618,C-0413,2025-05-14,Completed
O-01619,C-0292,2024-11-10,Completed
O-01620,C-0273,2025-08-21,Cancelled
O-01621,C-0306,2024-07-27,Completed
O-01622,C-0087,2024-09-20,Completed
O-01623,C-0361,2025-11-11,Completed
O-01624,C-0149,2025-09-19,Completed
O-01625,C-0137,2025-03-12,Completed
O-01626,C-0461,2025-10-06,Completed
O-01627,C-0070,2024-05-17,Cancelled
O-01628,C-0471,2024-10-20,Completed
O-01629,C-0142,2024-12-11,Completed
O-01630,C-0360,2024-07-02,Completed
O-01631,C-0128,2025-07-25,Completed
O-01632,C-0365,2024-03-17,Returned
O-01633,C-0425,2024-02-17,Completed
O-01634,C-0390,2024-02-23,Completed
O-01635,C-0251,2024-06-01,Returned
O-01636,C-0296,2024-10-20,Completed
O-01637,C-0322,2025-02-02,Completed
O-01638,C-0193,2025-10-26,Completed
O-01639,C-0039,2023-04-13,Completed
O-01640,C-0207,2025-05-26,Completed
O-01641,C-0384,2025-04-28,Completed
O-01642,C-0356,2025-11-13,Completed
O-01643,C-0233,2024-12-04,Completed
O-01644,C-0168,2025-08-24,Completed
O-01645,C-0002,2023-07-30,Completed
O-01646,C-0375,2025-08-01,Completed
O-01647,C-0326,2024-10-14,Completed
O-01648,C-0436,2024-01-22,Completed
O-01649,C-0408,2024-07-04,Completed
O-01650,C-0204,2024-05-12,Completed
O-01651,C-0496,2025-12-12,Completed
O-01652,C-0423,2025-08-10,Returned
O-01653,C-0254,2026-01-06,Completed
O-01654,C-0166,2025-06-07,Completed
O-01655,C-0173,2024-10-16,Completed
O-01656,C-0296,2024-05-31,Completed
O-01657,C-0290,2024-12-03,Completed
O-01658,C-0404,2026-06-30,Returned
O-01659,C-0458,2024-04-08,Completed
O-01660,C-0024,2024-12-19,Completed
O-01661,C-0321,2026-09-13,Completed
O-01662,C-0009,2025-06-01,Completed
O-01663,C-0476,2024-03-05,Completed
O-01664,C-0226,2026-09-17,Completed
O-01665,C-0001,2025-12-29,Completed
O-01666,C-0104,2024-02-14,Completed
O-01667,C-0452,2024-01-16,Completed
O-01668,C-0082,2023-12-19,Completed
O-01669,C-0048,2024-08-13,Cancelled
O-01670,C-0129,2025-05-29,Completed
O-01671,C-0191,2024-03-03,Cancelled
O-01672,C-0027,2024-09-01,Completed
O-01673,C-0321,2026-04-08,Completed
O-01674,C-0372,2024-11-03,Returned
O-01675,C-0220,2024-08-29,Completed
O-01676,C-0361,2025-04-23,Completed
O-01677,C-0001,2025-05-23,Completed
O-01678,C-0245,2024-11-24,Returned
O-01679,C-0068,2026-03-22,Completed
O-01680,C-0266,2026-07-15,Completed
O-01681,C-0005,2023-10-18,Completed
O-01682,C-0357,2025-10-10,Cancelled
O-01683,C-0419,2025-05-22,Returned
O-01684,C-0441,2025-08-05,Processing
O-01685,C-0356,2025-03-16,Completed
O-01686,C-0245,2024-11-17,Completed
O-01687,C-0118,2025-02-20,Completed
O-01688,C-0046,2024-01-25,Completed
O-01689,C-0053,2024-02-20,Completed
O-01690,C-0189,2025-02-25,Completed
O-01691,C-0071,2025-08-15,Completed
O-01692,C-0397,2023-11-04,Completed
O-01693,C-0329,2024-01-02,Cancelled
O-01694,C-0036,2025-04-08,Completed
O-01695,C-0289,2024-12-16,Completed
O-01696,C-0313,2023-08-30,Completed
O-01697,C-0226,2026-06-05,Completed
O-01698,C-0370,2024-11-09,Completed
O-01699,C-0322,2024-05-09,Completed
O-01700,C-0471,2025-10-16,Completed
O-01701,C-0316,2024-05-29,Completed
O-01702,C-0441,2025-01-07,Completed
O-01703,C-0045,2024-03-27,Completed
O-01704,C-0072,2024-03-03,Completed
O-01705,C-0302,2024-10-09,Processing
O-01706,C-0180,2024-08-26,Completed
O-01707,C-0162,2025-06-27,Completed
O-01708,C-0127,2026-02-21,Completed
O-01709,C-0331,2023-08-11,Completed
O-01710,C-0128,2026-09-15,Completed
O-01711,C-0308,2025-05-09,Completed
O-01712,C-0399,2024-06-09,Processing
O-01713,C-0435,2025-12-10,Completed
O-01714,C-0106,2026-09-17,Cancelled
O-01715,C-0311,2025-01-17,Returned
O-01716,C-0097,2026-06-10,Completed
O-01717,C-0152,2024-12-15,Completed
O-01718,C-0402,2026-02-05,Processing
O-01719,C-0254,2026-05-07,Completed
O-01720,C-0058,2024-08-22,Completed
O-01721,C-0256,2023-11-15,Processing
O-01722,C-0271,2023-05-22,Completed
O-01723,C-0185,2024-01-26,Completed
O-01724,C-0068,2026-09-03,Completed
O-01725,C-0441,2026-01-02,Completed
O-01726,C-0216,2026-06-25,Completed
O-01727,C-0280,2025-12-06,Completed
O-01728,C-0391,2026-09-17,Completed
O-01729,C-0489,2024-02-03,Completed
O-01730,C-0009,2025-04-04,Completed
O-01731,C-0008,2024-02-16,Completed
O-01732,C-0111,2024-11-22,Completed
O-01733,C-0473,2024-08-20,Completed
O-01734,C-0486,2025-12-04,Completed
O-01735,C-0260,2025-05-24,Completed
O-01736,C-0322,2025-05-02,Completed
O-01737,C-0393,2026-09-17,Returned
O-01738,C-0217,2026-02-22,Completed
O-01739,C-0043,2026-06-18,Completed
O-01740,C-0276,2024-12-20,Completed
O-01741,C-0143,2025-09-10,Completed
O-01742,C-0159,2024-10-17,Completed
O-01743,C-0262,2023-10-17,Completed
O-01744,C-0499,2023-08-24,Completed
O-01745,C-0275,2026-07-28,Completed
O-01746,C-0201,2025-09-01,Completed
O-01747,C-0159,2025-10-19,Completed
O-01748,C-0374,2024-06-14,Completed
O-01749,C-0030,2025-08-27,Completed
O-01750,C-0045,2025-03-04,Completed
O-01751,C-0060,2025-01-05,Completed
O-01752,C-0314,2025-02-20,Completed
O-01753,C-0159,2025-01-24,Completed
O-01754,C-0062,2023-02-27,Completed
O-01755,C-0363,2025-08-18,Completed
O-01756,C-0360,2024-02-29,Completed
O-01757,C-0084,2026-04-01,Completed
O-01758,C-0488,2025-04-04,Completed
O-01759,C-0268,2026-08-01,Cancelled
O-01760,C-0401,2024-04-29,Completed
O-01761,C-0086,2026-03-18,Completed
O-01762,C-0065,2025-04-05,Completed
O-01763,C-0376,2024-01-12,Completed
O-01764,C-0395,2025-06-19,Completed
O-01765,C-0172,2025-08-03,Completed
O-01766,C-0140,2026-09-17,Completed
O-01767,C-0033,2024-05-10,Cancelled
O-01768,C-0365,2024-12-03,Completed
O-01769,C-0322,2024-02-22,Cancelled
O-01770,C-0255,2025-02-20,Completed
O-01771,C-0262,2024-03-25,Completed
O-01772,C-0029,2026-03-23,Completed
O-01773,C-0440,2025-12-05,Completed
O-01774,C-0086,2026-03-14,Completed
O-01775,C-0081,2025-09-10,Completed
O-01776,C-0396,2023-12-15,Completed
O-01777,C-0458,2025-09-28,Completed
O-01778,C-0346,2025-03-04,Completed
O-01779,C-0117,2025-09-22,Completed
O-01780,C-0002,2023-06-10,Completed
O-01781,C-0440,2024-05-16,Returned
O-01782,C-0126,2024-01-16,Returned
O-01783,C-0242,2025-07-05,Returned
O-01784,C-0197,2025-04-30,Completed
O-01785,C-0092,2023-05-21,Completed
O-01786,C-0284,2024-10-08,Processing
O-01787,C-0115,2024-08-03,Completed
O-01788,C-0128,2026-04-28,Completed
O-01789,C-0469,2025-01-27,Completed
O-01790,C-0139,2023-10-24,Completed
O-01791,C-0293,2025-03-01,Completed
O-01792,C-0062,2024-07-13,Completed
O-01793,C-0345,2023-06-03,Returned
O-01794,C-0092,2023-11-29,Completed
O-01795,C-0412,2026-08-24,Returned
O-01796,C-0024,2025-10-24,Completed
O-01797,C-0036,2025-01-31,Completed
O-01798,C-0444,2025-04-13,Completed
O-01799,C-0397,2024-05-04,Completed
O-01800,C-0168,2024-04-04,Returned
O-01801,C-0284,2024-11-15,Completed
O-01802,C-0005,2024-10-21,Completed
O-01803,C-0103,2025-09-12,Completed
O-01804,C-0289,2025-10-15,Completed
O-01805,C-0379,2023-11-23,Completed
O-01806,C-0238,2025-07-19,Completed
O-01807,C-0303,2025-01-06,Completed
O-01808,C-0396,2024-03-19,Returned
O-01809,C-0376,2025-03-26,Completed
O-01810,C-0390,2023-09-25,Completed
O-01811,C-0078,2024-01-13,Completed
O-01812,C-0478,2026-01-10,Completed
O-01813,C-0013,2026-02-26,Completed
O-01814,C-0278,2024-09-18,Completed
O-01815,C-0326,2023-10-23,Completed
O-01816,C-0487,2024-10-13,Processing
O-01817,C-0001,2025-11-06,Completed
O-01818,C-0435,2025-12-16,Completed
O-01819,C-0054,2024-08-23,Completed
O-01820,C-0272,2024-01-11,Completed
O-01821,C-0215,2026-05-28,Completed
O-01822,C-0493,2023-05-17,Completed
O-01823,C-0498,2023-09-06,Returned
O-01824,C-0365,2024-02-03,Returned
O-01825,C-0048,2023-09-23,Returned
O-01826,C-0472,2025-03-27,Completed
O-01827,C-0460,2026-09-17,Completed
O-01828,C-0212,2025-04-26,Completed
O-01829,C-0235,2024-04-14,Returned
O-01830,C-0298,2025-10-16,Completed
O-01831,C-0259,2025-11-02,Completed
O-01832,C-0327,2025-12-25,Completed
O-01833,C-0039,2024-08-11,Completed
O-01834,C-0032,2025-05-25,Completed
O-01835,C-0340,2024-09-10,Completed
O-01836,C-0122,2025-09-30,Completed
O-01837,C-0134,2026-02-21,Completed
O-01838,C-0475,2026-09-17,Completed
O-01839,C-0359,2024-02-02,Completed
O-01840,C-0163,2025-11-28,Completed
O-01841,C-0140,2026-03-21,Completed
O-01842,C-0039,2023-08-03,Completed
O-01843,C-0070,2024-11-10,Completed
O-01844,C-0056,2024-06-11,Completed
O-01845,C-0055,2023-09-26,Completed
O-01846,C-0231,2025-09-24,Completed
O-01847,C-0161,2024-11-17,Completed
O-01848,C-0062,2024-08-16,Completed
O-01849,C-0184,2025-04-03,Completed
O-01850,C-0232,2025-07-28,Returned
O-01851,C-0238,2025-04-04,Completed
O-01852,C-0437,2023-07-01,Completed
O-01853,C-0047,2023-11-18,Completed
O-01854,C-0414,2025-02-16,Cancelled
O-01855,C-0424,2024-06-24,Completed
O-01856,C-0111,2025-09-13,Completed
O-01857,C-0076,2025-09-27,Returned
O-01858,C-0365,2024-01-02,Completed
O-01859,C-0496,2025-09-28,Returned
O-01860,C-0203,2026-07-18,Completed
O-01861,C-0026,2025-05-31,Cancelled
O-01862,C-0134,2025-09-30,Completed
O-01863,C-0016,2025-10-16,Completed
O-01864,C-0438,2024-05-30,Completed
O-01865,C-0285,2026-09-17,Completed
O-01866,C-0128,2025-06-02,Completed
O-01867,C-0237,2023-09-28,Returned
O-01868,C-0412,2025-08-04,Returned
O-01869,C-0063,2025-01-30,Completed
O-01870,C-0032,2024-10-19,Returned
O-01871,C-0067,2026-04-14,Completed
O-01872,C-0422,2025-12-24,Completed
O-01873,C-0191,2023-12-11,Completed
O-01874,C-0299,2025-03-06,Completed
O-01875,C-0470,2025-01-20,Completed
O-01876,C-0012,2025-04-05,Completed
O-01877,C-0102,2024-10-31,Returned
O-01878,C-0415,2024-02-29,Completed
O-01879,C-0048,2024-07-14,Returned
O-01880,C-0063,2025-03-02,Completed
O-01881,C-0483,2025-05-28,Completed
O-01882,C-0026,2025-01-17,Completed
O-01883,C-0474,2025-06-30,Returned
O-01884,C-0222,2024-08-10,Completed
O-01885,C-0255,2023-12-12,Completed
O-01886,C-0196,2024-03-24,Completed
O-01887,C-0089,2026-05-23,Completed
O-01888,C-0110,2025-03-26,Completed
O-01889,C-0141,2026-06-06,Completed
O-01890,C-0229,2025-10-11,Completed
O-01891,C-0018,2023-10-12,Completed
O-01892,C-0332,2025-11-09,Completed
O-01893,C-0256,2024-10-29,Completed
O-01894,C-0452,2024-09-26,Completed
O-01895,C-0246,2024-01-30,Completed
O-01896,C-0045,2024-09-27,Returned
O-01897,C-0197,2025-04-17,Completed
O-01898,C-0215,2025-08-02,Completed
O-01899,C-0330,2025-12-27,Completed
O-01900,C-0128,2026-09-05,Completed
O-01901,C-0407,2024-02-13,Completed
O-01902,C-0196,2024-01-15,Completed
O-01903,C-0246,2025-06-08,Completed
O-01904,C-0401,2024-12-16,Returned
O-01905,C-0177,2024-11-23,Completed
O-01906,C-0258,2024-07-30,Completed
O-01907,C-0199,2024-01-30,Completed
O-01908,C-0093,2024-02-21,Completed
O-01909,C-0164,2024-10-25,Completed
O-01910,C-0016,2025-06-11,Completed
O-01911,C-0030,2026-04-17,Completed
O-01912,C-0272,2024-05-13,Completed
O-01913,C-0393,2026-09-17,Completed
O-01914,C-0120,2026-01-16,Completed
O-01915,C-0052,2023-12-25,Completed
O-01916,C-0337,2025-01-01,Completed
O-01917,C-0137,2025-04-01,Processing
O-01918,C-0418,2025-11-04,Completed
O-01919,C-0392,2023-11-17,Completed
O-01920,C-0295,2025-11-29,Completed
O-01921,C-0182,2025-05-24,Completed
O-01922,C-0091,2026-02-04,Completed
O-01923,C-0304,2024-01-27,Completed
O-01924,C-0413,2026-03-17,Completed
O-01925,C-0468,2023-04-23,Completed
O-01926,C-0361,2026-01-11,Completed
O-01927,C-0486,2026-05-27,Completed
O-01928,C-0289,2025-05-02,Completed
O-01929,C-0289,2025-06-18,Returned
O-01930,C-0429,2026-09-17,Completed
O-01931,C-0278,2024-08-11,Completed
O-01932,C-0090,2025-01-11,Cancelled
O-01933,C-0020,2023-07-08,Completed
O-01934,C-0029,2025-06-23,Processing
O-01935,C-0309,2024-04-05,Completed
O-01936,C-0011,2026-05-17,Completed
O-01937,C-0245,2024-09-06,Completed
O-01938,C-0170,2023-12-15,Completed
O-01939,C-0413,2025-07-26,Completed
O-01940,C-0175,2023-08-19,Cancelled
O-01941,C-0471,2025-07-18,Completed
O-01942,C-0031,2024-08-04,Completed
O-01943,C-0076,2025-11-18,Returned
O-01944,C-0397,2023-10-12,Completed
O-01945,C-0434,2024-08-24,Completed
O-01946,C-0441,2025-06-07,Returned
O-01947,C-0492,2025-10-30,Completed
O-01948,C-0192,2026-09-17,Completed
O-01949,C-0301,2023-08-16,Returned
O-01950,C-0173,2024-02-08,Completed
O-01951,C-0166,2025-01-07,Completed
O-01952,C-0500,2024-12-13,Completed
O-01953,C-0375,2025-07-10,Completed
O-01954,C-0406,2024-10-29,Returned
O-01955,C-0333,2026-07-06,Completed
O-01956,C-0090,2025-03-25,Completed
O-01957,C-0356,2025-11-01,Completed
O-01958,C-0115,2024-03-06,Completed
O-01959,C-0194,2026-04-11,Completed
O-01960,C-0376,2024-07-11,Returned
O-01961,C-0066,2023-11-06,Completed
O-01962,C-0374,2023-10-15,Completed
O-01963,C-0486,2026-06-01,Completed
O-01964,C-0201,2026-09-17,Completed
O-01965,C-0017,2024-09-11,Completed
O-01966,C-0309,2024-07-15,Completed
O-01967,C-0472,2025-03-16,Completed
O-01968,C-0328,2025-12-13,Completed
O-01969,C-0054,2025-06-17,Completed
O-01970,C-0073,2026-04-04,Completed
O-01971,C-0382,2025-08-20,Completed
O-01972,C-0122,2025-11-26,Completed
O-01973,C-0164,2024-09-02,Returned
O-01974,C-0326,2024-01-12,Completed
O-01975,C-0421,2025-07-02,Processing
O-01976,C-0229,2025-05-23,Completed
O-01977,C-0136,2024-09-17,Completed
O-01978,C-0128,2025-05-06,Processing
O-01979,C-0180,2024-03-02,Completed
O-01980,C-0403,2024-06-05,Returned
O-01981,C-0369,2024-07-05,Completed
O-01982,C-0025,2024-02-28,Completed
O-01983,C-0225,2024-06-22,Completed
O-01984,C-0497,2025-01-17,Completed
O-01985,C-0453,2025-10-30,Completed
O-01986,C-0253,2026-05-24,Completed
O-01987,C-0180,2024-12-24,Completed
O-01988,C-0193,2024-11-01,Completed
O-01989,C-0425,2024-10-11,Completed
O-01990,C-0404,2026-09-17,Completed
O-01991,C-0334,2026-02-08,Cancelled
O-01992,C-0084,2026-02-14,Completed
O-01993,C-0038,2025-07-14,Returned
O-01994,C-0151,2025-08-15,Returned
O-01995,C-0164,2024-12-07,Completed
O-01996,C-0488,2024-07-30,Completed
O-01997,C-0038,2026-05-26,Completed
O-01998,C-0088,2024-04-11,Completed
O-01999,C-0083,2023-05-04,Completed
O-02000,C-0281,2024-12-18,Completed
O-02001,C-0174,2026-06-22,Completed
O-02002,C-0361,2025-02-16,Completed
O-02003,C-0221,2025-08-07,Completed
O-02004,C-0311,2024-11-01,Completed
O-02005,C-0081,2025-02-15,Completed
O-02006,C-0052,2024-03-20,Completed
O-02007,C-0106,2026-02-28,Completed
O-02008,C-0210,2025-10-10,Completed
O-02009,C-0370,2025-10-10,Completed
O-02010,C-0136,2024-11-30,Completed
O-02011,C-0153,2024-12-14,Completed
O-02012,C-0050,2025-04-12,Completed
O-02013,C-0202,2026-02-09,Completed
O-02014,C-0282,2025-07-25,Completed
O-02015,C-0079,2024-10-09,Completed
O-02016,C-0185,2023-03-11,Completed
O-02017,C-0219,2025-12-21,Completed
O-02018,C-0151,2026-09-17,Completed
O-02019,C-0103,2025-02-25,Returned
O-02020,C-0014,2025-02-09,Completed
O-02021,C-0088,2024-01-16,Completed
O-02022,C-0042,2024-10-10,Completed
O-02023,C-0433,2024-11-05,Completed
O-02024,C-0158,2026-03-16,Completed
O-02025,C-0242,2025-11-10,Completed
O-02026,C-0459,2024-01-30,Completed
O-02027,C-0047,2024-12-18,Completed
O-02028,C-0199,2023-11-04,Completed
O-02029,C-0190,2025-07-21,Completed
O-02030,C-0190,2025-01-03,Completed
O-02031,C-0229,2025-06-26,Completed
O-02032,C-0135,2025-02-13,Completed
O-02033,C-0239,2026-05-31,Completed
O-02034,C-0116,2024-03-19,Completed
O-02035,C-0289,2025-02-09,Completed
O-02036,C-0078,2024-04-15,Completed
O-02037,C-0044,2025-02-24,Completed
O-02038,C-0414,2025-10-17,Cancelled
O-02039,C-0212,2024-11-28,Completed
O-02040,C-0284,2023-10-07,Completed
O-02041,C-0431,2025-09-17,Completed
O-02042,C-0420,2026-08-31,Completed
O-02043,C-0215,2026-07-12,Completed
O-02044,C-0352,2026-09-17,Completed
O-02045,C-0294,2025-07-18,Completed
O-02046,C-0244,2023-11-04,Returned
O-02047,C-0041,2026-05-15,Completed
O-02048,C-0463,2023-10-16,Completed
O-02049,C-0258,2025-04-11,Completed
O-02050,C-0462,2026-01-18,Returned
O-02051,C-0410,2025-05-07,Completed
O-02052,C-0347,2024-08-15,Completed
O-02053,C-0062,2024-05-19,Completed
O-02054,C-0089,2025-11-13,Completed
O-02055,C-0498,2023-11-16,Processing
O-02056,C-0414,2024-10-25,Completed
O-02057,C-0065,2024-08-16,Completed
O-02058,C-0217,2025-03-28,Completed
O-02059,C-0350,2025-05-16,Completed
O-02060,C-0104,2024-03-01,Completed
O-02061,C-0428,2024-05-02,Completed
O-02062,C-0164,2024-05-22,Completed
O-02063,C-0045,2025-01-16,Completed
O-02064,C-0285,2026-09-17,Returned
O-02065,C-0283,2026-08-14,Returned
O-02066,C-0439,2025-05-31,Completed
O-02067,C-0267,2024-06-24,Returned
O-02068,C-0470,2024-11-17,Completed
O-02069,C-0403,2025-08-04,Completed
O-02070,C-0401,2024-10-10,Completed
O-02071,C-0058,2025-02-16,Completed
O-02072,C-0077,2025-10-31,Completed
O-02073,C-0291,2026-08-20,Completed
O-02074,C-0389,2025-08-17,Completed
O-02075,C-0474,2024-03-08,Completed
O-02076,C-0289,2025-03-21,Completed
O-02077,C-0403,2024-12-04,Completed
O-02078,C-0445,2024-12-11,Completed
O-02079,C-0451,2024-06-27,Cancelled
O-02080,C-0450,2026-07-16,Returned
O-02081,C-0136,2025-03-14,Returned
O-02082,C-0336,2025-12-24,Cancelled
O-02083,C-0293,2025-06-12,Returned
O-02084,C-0020,2023-09-30,Completed
O-02085,C-0142,2025-09-20,Completed
O-02086,C-0074,2025-11-21,Completed
O-02087,C-0020,2024-05-16,Completed
O-02088,C-0456,2026-05-07,Completed
O-02089,C-0354,2023-10-27,Completed
O-02090,C-0026,2025-11-27,Cancelled
O-02091,C-0472,2025-05-04,Returned
O-02092,C-0460,2026-09-08,Returned
O-02093,C-0011,2025-11-04,Completed
O-02094,C-0419,2025-11-25,Completed
O-02095,C-0160,2025-04-19,Completed
O-02096,C-0432,2026-06-11,Completed
O-02097,C-0440,2024-08-12,Completed
O-02098,C-0498,2023-12-03,Completed
O-02099,C-0069,2024-11-26,Returned
O-02100,C-0499,2024-06-13,Completed
O-02101,C-0397,2024-05-14,Completed
O-02102,C-0138,2024-05-09,Completed
O-02103,C-0310,2024-11-25,Completed
O-02104,C-0097,2026-07-31,Completed
O-02105,C-0109,2024-05-05,Cancelled
O-02106,C-0380,2025-08-08,Completed
O-02107,C-0389,2026-09-17,Completed
O-02108,C-0445,2024-06-28,Completed
O-02109,C-0421,2024-09-19,Completed
O-02110,C-0264,2025-07-01,Completed
O-02111,C-0034,2025-02-17,Completed
O-02112,C-0364,2026-09-17,Completed
O-02113,C-0207,2024-05-02,Completed
O-02114,C-0400,2025-10-26,Completed
O-02115,C-0451,2025-02-12,Completed
O-02116,C-0015,2023-09-25,Returned
O-02117,C-0099,2024-01-08,Completed
O-02118,C-0429,2025-11-17,Completed
O-02119,C-0128,2025-03-31,Completed
O-02120,C-0234,2023-07-28,Completed
O-02121,C-0471,2025-08-25,Completed
O-02122,C-0361,2025-08-07,Completed
O-02123,C-0141,2026-09-05,Completed
O-02124,C-0422,2026-02-27,Returned
O-02125,C-0259,2026-07-30,Completed
O-02126,C-0326,2024-02-17,Cancelled
O-02127,C-0349,2024-04-10,Completed
O-02128,C-0124,2024-08-29,Cancelled
O-02129,C-0251,2025-04-08,Returned
O-02130,C-0091,2026-09-17,Completed
O-02131,C-0301,2024-11-19,Returned
O-02132,C-0180,2024-05-31,Completed
O-02133,C-0084,2025-07-31,Returned
O-02134,C-0384,2024-10-18,Completed
O-02135,C-0146,2023-09-04,Completed
O-02136,C-0198,2025-02-28,Completed
O-02137,C-0084,2026-06-17,Cancelled
O-02138,C-0400,2024-12-13,Completed
O-02139,C-0439,2025-04-05,Completed
O-02140,C-0332,2025-08-29,Completed
O-02141,C-0347,2024-10-15,Completed
O-02142,C-0138,2024-05-02,Completed
O-02143,C-0263,2023-04-19,Completed
O-02144,C-0443,2025-06-02,Completed
O-02145,C-0243,2025-12-12,Completed
O-02146,C-0332,2025-07-07,Completed
O-02147,C-0308,2024-07-30,Returned
O-02148,C-0115,2024-05-24,Completed
O-02149,C-0312,2023-11-17,Completed
O-02150,C-0365,2024-01-29,Completed
O-02151,C-0217,2026-01-27,Completed
O-02152,C-0437,2024-02-21,Completed
O-02153,C-0236,2025-11-05,Completed
O-02154,C-0112,2024-10-15,Completed
O-02155,C-0155,2025-03-16,Returned
O-02156,C-0423,2026-02-16,Completed
O-02157,C-0300,2024-07-21,Cancelled
O-02158,C-0004,2026-07-07,Returned
O-02159,C-0340,2025-05-18,Completed
O-02160,C-0288,2025-11-03,Returned
O-02161,C-0153,2024-08-03,Completed
O-02162,C-0247,2024-07-20,Completed
O-02163,C-0173,2024-01-13,Completed
O-02164,C-0328,2025-04-10,Completed
O-02165,C-0442,2026-05-10,Completed
O-02166,C-0134,2026-02-04,Completed
O-02167,C-0097,2025-10-05,Completed
O-02168,C-0265,2025-01-14,Completed
O-02169,C-0461,2025-08-28,Returned
O-02170,C-0413,2026-05-02,Completed
O-02171,C-0339,2026-02-05,Completed
O-02172,C-0349,2024-07-31,Completed
O-02173,C-0370,2024-05-01,Completed
O-02174,C-0336,2026-01-05,Completed
O-02175,C-0152,2025-07-13,Cancelled
O-02176,C-0465,2025-11-03,Completed
O-02177,C-0208,2024-05-27,Completed
O-02178,C-0378,2025-09-09,Returned
O-02179,C-0299,2026-01-20,Returned
O-02180,C-0418,2026-03-21,Completed
O-02181,C-0176,2026-01-14,Completed
O-02182,C-0352,2026-09-17,Completed
O-02183,C-0327,2026-03-19,Completed
O-02184,C-0465,2025-09-03,Completed
O-02185,C-0260,2025-06-07,Completed
O-02186,C-0433,2024-12-31,Cancelled
O-02187,C-0431,2026-03-11,Completed
O-02188,C-0093,2024-11-21,Completed
O-02189,C-0050,2026-06-18,Completed
O-02190,C-0066,2024-01-28,Completed
O-02191,C-0372,2025-10-02,Completed
O-02192,C-0391,2026-03-26,Completed
O-02193,C-0485,2025-10-28,Returned
O-02194,C-0336,2024-11-13,Completed
O-02195,C-0114,2026-01-15,Completed
O-02196,C-0115,2024-07-19,Completed
O-02197,C-0216,2026-05-21,Completed
O-02198,C-0191,2024-06-08,Completed
O-02199,C-0300,2025-02-03,Completed
O-02200,C-0238,2024-11-04,Completed
O-02201,C-0241,2025-09-26,Cancelled
O-02202,C-0444,2026-02-15,Completed
O-02203,C-0298,2025-09-21,Completed
O-02204,C-0242,2025-01-13,Completed
O-02205,C-0257,2023-07-02,Processing
O-02206,C-0445,2024-07-06,Completed
O-02207,C-0272,2024-03-13,Completed
O-02208,C-0212,2024-06-04,Completed
O-02209,C-0446,2023-08-02,Completed
O-02210,C-0071,2025-02-10,Completed
O-02211,C-0176,2026-07-25,Completed
O-02212,C-0292,2025-02-27,Completed
O-02213,C-0074,2025-08-25,Completed
O-02214,C-0442,2026-01-31,Completed
O-02215,C-0399,2024-08-03,Completed
O-02216,C-0250,2026-07-16,Completed
O-02217,C-0324,2024-12-09,Completed
O-02218,C-0161,2023-11-26,Processing
O-02219,C-0003,2024-05-03,Completed
O-02220,C-0141,2026-03-26,Returned
O-02221,C-0390,2023-07-08,Completed
O-02222,C-0296,2024-06-29,Completed
O-02223,C-0251,2024-04-07,Processing
O-02224,C-0067,2026-09-17,Completed
O-02225,C-0325,2024-11-14,Completed
O-02226,C-0207,2025-02-27,Completed
O-02227,C-0495,2025-08-16,Completed
O-02228,C-0197,2024-12-02,Completed
O-02229,C-0020,2024-10-04,Completed
O-02230,C-0103,2025-12-05,Completed
O-02231,C-0487,2023-11-19,Completed
O-02232,C-0457,2024-07-24,Completed
O-02233,C-0388,2026-01-02,Completed
O-02234,C-0098,2024-01-28,Completed
O-02235,C-0347,2024-03-22,Completed
O-02236,C-0321,2026-02-09,Completed
O-02237,C-0116,2024-06-04,Completed
O-02238,C-0160,2024-11-15,Processing
O-02239,C-0053,2024-05-02,Completed
O-02240,C-0258,2024-07-14,Completed
O-02241,C-0086,2025-05-08,Completed
O-02242,C-0422,2024-12-25,Completed
O-02243,C-0153,2025-02-06,Completed
O-02244,C-0234,2024-11-20,Completed
O-02245,C-0306,2024-07-12,Completed
O-02246,C-0173,2024-06-22,Processing
O-02247,C-0455,2025-04-09,Completed
O-02248,C-0176,2026-09-17,Completed
O-02249,C-0184,2025-03-14,Completed
O-02250,C-0085,2024-10-09,Completed
O-02251,C-0010,2023-12-05,Completed
O-02252,C-0115,2024-01-21,Completed
O-02253,C-0109,2023-04-07,Cancelled
O-02254,C-0302,2025-02-09,Completed
O-02255,C-0087,2024-02-28,Completed
O-02256,C-0188,2024-10-11,Completed
O-02257,C-0193,2025-04-08,Completed
O-02258,C-0395,2026-09-17,Completed
O-02259,C-0320,2023-03-24,Completed
O-02260,C-0305,2024-02-01,Completed
O-02261,C-0339,2025-07-03,Completed
O-02262,C-0335,2024-08-28,Completed
O-02263,C-0025,2023-05-27,Completed
O-02264,C-0214,2026-09-17,Completed
O-02265,C-0195,2025-12-28,Completed
O-02266,C-0281,2025-05-30,Completed
O-02267,C-0243,2026-01-02,Returned
O-02268,C-0106,2025-08-27,Returned
O-02269,C-0155,2024-12-03,Returned
O-02270,C-0339,2025-06-26,Completed
O-02271,C-0340,2025-10-14,Completed
O-02272,C-0139,2023-12-24,Completed
O-02273,C-0215,2025-04-27,Returned
O-02274,C-0262,2023-07-21,Completed
O-02275,C-0145,2024-03-15,Cancelled
O-02276,C-0402,2025-09-21,Cancelled
O-02277,C-0255,2024-06-02,Completed
O-02278,C-0312,2023-08-01,Completed
O-02279,C-0399,2025-02-06,Completed
O-02280,C-0426,2024-12-31,Completed
O-02281,C-0499,2023-10-10,Completed
O-02282,C-0184,2025-10-27,Completed
O-02283,C-0152,2025-04-03,Completed
O-02284,C-0021,2025-02-24,Completed
O-02285,C-0255,2024-06-11,Returned
O-02286,C-0353,2026-05-24,Completed
O-02287,C-0170,2024-01-18,Completed
O-02288,C-0002,2023-05-09,Completed
O-02289,C-0344,2023-07-08,Completed
O-02290,C-0465,2024-12-23,Completed
O-02291,C-0428,2025-03-21,Completed
O-02292,C-0343,2024-12-01,Cancelled
O-02293,C-0077,2025-09-02,Returned
O-02294,C-0400,2025-10-13,Completed
O-02295,C-0039,2023-04-21,Completed
O-02296,C-0464,2025-05-05,Completed
O-02297,C-0330,2025-02-28,Completed
O-02298,C-0234,2024-04-05,Processing
O-02299,C-0136,2025-06-05,Completed
O-02300,C-0026,2024-11-08,Completed
O-02301,C-0417,2025-06-11,Completed
O-02302,C-0448,2024-07-15,Completed
O-02303,C-0437,2023-12-23,Completed
O-02304,C-0185,2024-01-22,Completed
O-02305,C-0219,2026-01-19,Completed
O-02306,C-0049,2025-10-24,Completed
O-02307,C-0005,2024-02-28,Completed
O-02308,C-0340,2024-10-21,Completed
O-02309,C-0169,2024-08-14,Completed
O-02310,C-0458,2025-05-12,Completed
O-02311,C-0490,2026-05-11,Completed
O-02312,C-0450,2025-08-25,Completed
O-02313,C-0191,2024-08-31,Completed
O-02314,C-0094,2024-02-06,Completed
O-02315,C-0206,2025-12-02,Returned
O-02316,C-0493,2024-06-26,Cancelled
O-02317,C-0140,2026-08-23,Completed
O-02318,C-0354,2024-06-29,Cancelled
O-02319,C-0410,2024-12-04,Completed
O-02320,C-0333,2026-02-02,Completed
O-02321,C-0058,2024-05-03,Completed
O-02322,C-0357,2024-12-23,Completed
O-02323,C-0483,2024-07-23,Completed
O-02324,C-0054,2025-03-27,Completed
O-02325,C-0467,2026-02-03,Completed
O-02326,C-0411,2026-09-17,Completed
O-02327,C-0348,2025-03-22,Completed
O-02328,C-0093,2025-02-17,Returned
O-02329,C-0399,2025-05-15,Completed
O-02330,C-0314,2025-01-24,Completed
O-02331,C-0442,2025-12-11,Completed
O-02332,C-0248,2024-06-03,Completed
O-02333,C-0058,2025-02-13,Completed
O-02334,C-0226,2025-07-28,Completed
O-02335,C-0033,2024-05-08,Completed
O-02336,C-0336,2025-07-01,Completed
O-02337,C-0007,2025-02-05,Completed
O-02338,C-0393,2026-09-17,Completed
O-02339,C-0371,2024-12-23,Completed
O-02340,C-0115,2024-08-20,Completed
O-02341,C-0266,2026-09-17,Completed
O-02342,C-0353,2025-04-24,Completed
O-02343,C-0222,2024-03-13,Returned
O-02344,C-0247,2025-05-05,Cancelled
O-02345,C-0340,2025-05-29,Processing
O-02346,C-0077,2026-09-17,Completed
O-02347,C-0457,2023-10-24,Completed
O-02348,C-0006,2024-02-16,Completed
O-02349,C-0259,2026-09-17,Completed
O-02350,C-0437,2024-07-20,Completed
O-02351,C-0446,2023-08-17,Completed
O-02352,C-0039,2024-05-25,Returned
O-02353,C-0165,2026-03-12,Completed
O-02354,C-0170,2024-03-02,Cancelled
O-02355,C-0026,2025-12-30,Completed
O-02356,C-0115,2025-03-25,Completed
O-02357,C-0330,2025-07-29,Completed
O-02358,C-0207,2024-08-12,Completed
O-02359,C-0041,2026-07-20,Completed
O-02360,C-0228,2025-06-11,Completed
O-02361,C-0230,2025-01-15,Completed
O-02362,C-0439,2026-01-14,Completed
O-02363,C-0229,2026-03-31,Returned
O-02364,C-0061,2026-08-29,Returned
O-02365,C-0382,2025-06-20,Cancelled
O-02366,C-0053,2024-05-23,Completed
O-02367,C-0212,2024-05-16,Completed
O-02368,C-0286,2026-01-20,Completed
O-02369,C-0001,2025-01-18,Completed
O-02370,C-0406,2024-04-25,Completed
O-02371,C-0456,2026-09-17,Completed
O-02372,C-0288,2025-08-17,Completed
O-02373,C-0336,2025-11-24,Completed
O-02374,C-0487,2024-10-19,Completed
O-02375,C-0187,2024-03-22,Completed
O-02376,C-0419,2025-09-04,Completed
O-02377,C-0433,2025-10-18,Completed
O-02378,C-0170,2024-12-16,Completed
O-02379,C-0393,2026-09-17,Completed
O-02380,C-0367,2024-07-23,Completed
O-02381,C-0367,2024-10-22,Completed
O-02382,C-0059,2024-12-19,Completed
O-02383,C-0389,2025-12-20,Completed
O-02384,C-0002,2024-04-09,Completed
O-02385,C-0182,2025-09-22,Completed
O-02386,C-0281,2026-03-02,Returned
O-02387,C-0192,2026-01-08,Completed
O-02388,C-0024,2025-02-24,Completed
O-02389,C-0253,2025-09-22,Completed
O-02390,C-0421,2025-09-16,Completed
O-02391,C-0055,2023-12-27,Completed
O-02392,C-0313,2023-10-01,Completed
O-02393,C-0097,2025-09-05,Completed
O-02394,C-0477,2024-09-04,Completed
O-02395,C-0111,2026-01-24,Completed
O-02396,C-0423,2025-07-20,Completed
O-02397,C-0367,2024-06-27,Returned
O-02398,C-0056,2025-03-03,Completed
O-02399,C-0024,2025-01-13,Processing
O-02400,C-0396,2024-12-05,Completed
O-02401,C-0235,2025-06-18,Processing
O-02402,C-0069,2025-06-17,Cancelled
O-02403,C-0003,2024-07-23,Completed
O-02404,C-0377,2025-08-03,Completed
O-02405,C-0284,2024-10-22,Completed
O-02406,C-0430,2024-10-21,Completed
O-02407,C-0248,2024-06-24,Completed
O-02408,C-0400,2024-11-05,Completed
O-02409,C-0355,2026-07-06,Completed
O-02410,C-0089,2025-10-04,Completed
O-02411,C-0054,2025-02-25,Returned
O-02412,C-0337,2025-03-25,Completed
O-02413,C-0259,2026-07-17,Completed
O-02414,C-0215,2025-09-21,Completed
O-02415,C-0141,2026-09-17,Returned
O-02416,C-0494,2023-12-28,Completed
O-02417,C-0497,2025-05-28,Completed
O-02418,C-0232,2025-01-30,Completed
O-02419,C-0071,2025-09-15,Completed
O-02420,C-0309,2025-01-30,Completed
O-02421,C-0154,2024-12-08,Cancelled
O-02422,C-0441,2025-04-16,Completed
O-02423,C-0365,2024-11-09,Completed
O-02424,C-0324,2025-01-19,Returned
O-02425,C-0103,2025-06-20,Completed
O-02426,C-0320,2023-11-27,Completed
O-02427,C-0352,2026-05-23,Completed
O-02428,C-0472,2024-12-15,Completed
O-02429,C-0364,2025-12-01,Completed
O-02430,C-0258,2025-03-13,Completed
O-02431,C-0356,2025-09-27,Completed
O-02432,C-0364,2025-09-28,Completed
O-02433,C-0390,2024-01-12,Completed
O-02434,C-0288,2026-05-24,Completed
O-02435,C-0299,2026-01-19,Cancelled
O-02436,C-0483,2025-04-13,Completed
O-02437,C-0346,2026-05-06,Returned
O-02438,C-0147,2026-01-09,Returned
O-02439,C-0414,2024-04-24,Completed
O-02440,C-0268,2025-06-07,Completed
O-02441,C-0013,2026-07-28,Completed
O-02442,C-0075,2024-11-19,Completed
O-02443,C-0344,2023-06-04,Cancelled
O-02444,C-0103,2025-08-18,Completed
O-02445,C-0385,2023-09-23,Completed
O-02446,C-0147,2025-07-17,Completed
O-02447,C-0075,2024-11-28,Completed
O-02448,C-0354,2023-12-25,Completed
O-02449,C-0105,2026-06-27,Completed
O-02450,C-0017,2025-03-11,Completed
O-02451,C-0417,2026-03-23,Completed
O-02452,C-0053,2024-11-01,Completed
O-02453,C-0443,2026-01-08,Completed
O-02454,C-0381,2026-09-17,Completed
O-02455,C-0200,2025-07-31,Returned
O-02456,C-0262,2024-01-11,Completed
O-02457,C-0355,2025-01-08,Completed
O-02458,C-0475,2026-09-10,Completed
O-02459,C-0199,2024-06-28,Completed
O-02460,C-0490,2026-06-26,Cancelled
O-02461,C-0495,2025-11-01,Completed
O-02462,C-0028,2025-01-17,Completed
O-02463,C-0381,2025-12-21,Completed
O-02464,C-0104,2024-12-28,Completed
O-02465,C-0425,2024-01-25,Completed
O-02466,C-0467,2025-10-08,Completed
O-02467,C-0387,2026-05-12,Completed
O-02468,C-0379,2023-10-07,Completed
O-02469,C-0398,2024-09-07,Completed
O-02470,C-0151,2026-09-17,Returned
O-02471,C-0091,2025-08-22,Completed
O-02472,C-0096,2025-04-08,Completed
O-02473,C-0377,2026-09-17,Completed
O-02474,C-0062,2024-03-07,Completed
O-02475,C-0021,2024-10-24,Completed
O-02476,C-0143,2026-09-17,Returned
O-02477,C-0136,2024-06-28,Completed
O-02478,C-0083,2024-10-07,Completed
O-02479,C-0434,2023-11-21,Completed
O-02480,C-0003,2023-12-31,Completed
O-02481,C-0239,2026-02-09,Completed
O-02482,C-0021,2024-01-17,Completed
O-02483,C-0476,2024-08-21,Completed
O-02484,C-0306,2023-03-16,Completed
O-02485,C-0397,2024-04-24,Completed
O-02486,C-0252,2026-09-17,Completed
O-02487,C-0282,2025-03-11,Completed
O-02488,C-0038,2026-05-01,Completed
O-02489,C-0270,2025-10-07,Completed
O-02490,C-0490,2026-02-14,Completed
O-02491,C-0267,2023-05-21,Processing
O-02492,C-0403,2025-07-17,Completed
O-02493,C-0082,2024-05-12,Completed
O-02494,C-0279,2025-12-26,Completed
O-02495,C-0207,2024-03-19,Completed
O-02496,C-0179,2025-05-19,Completed
O-02497,C-0453,2025-04-08,Completed
O-02498,C-0340,2025-04-04,Returned
O-02499,C-0170,2024-05-26,Completed
O-02500,C-0151,2026-03-06,Completed